--Aluno
insert into Aluno (SID, name) values ('8e034c1e-807a-43a3-90cf-7f3e41808804', 'Frances Austin');
insert into Aluno (SID, name) values ('0953213f-71a8-45b3-ae2c-8a78b9f1b124', 'Gloria Coleman');
insert into Aluno (SID, name) values ('a6a66209-68a5-4f83-b0a3-f0cac4bd3a45', 'Clarence Brown');
insert into Aluno (SID, name) values ('ab037ca9-9fd9-4a57-b3ae-cea5284037d5', 'Judy Jackson');
insert into Aluno (SID, name) values ('34e2454a-36ca-47b5-9ab4-21ed416567b6', 'Ryan Owens');
insert into Aluno (SID, name) values ('a2012ba8-7ed7-4a03-b470-a4bcb8ad1c74', 'Earl Ford');
insert into Aluno (SID, name) values ('8a82ef04-d701-4404-afeb-e137949f69a7', 'Joshua Stone');
insert into Aluno (SID, name) values ('ac7031ab-81af-42a6-8b3f-520859faa9ab', 'Denise Chapman');
insert into Aluno (SID, name) values ('46aec712-7b0d-4ec1-b6c5-5bce72d08a5f', 'Mary Fox');
insert into Aluno (SID, name) values ('580c939f-48a7-43b1-8019-5a2c3d814529', 'Jason Peterson');
insert into Aluno (SID, name) values ('9abe78a7-d1d3-4b91-b06e-9a3b5485886d', 'Julia Wallace');
insert into Aluno (SID, name) values ('8c385602-6f9b-4bdb-add5-c1a07ff7a4ca', 'Maria Flores');
insert into Aluno (SID, name) values ('0e7d9619-e9c6-4c9b-87f8-2b1c3e980f0f', 'Clarence George');
insert into Aluno (SID, name) values ('91c8138f-665d-4b75-b771-e87f51096f95', 'Linda Sims');
insert into Aluno (SID, name) values ('8e0c3379-5f6e-41ac-8cc3-beb7a7128d66', 'Deborah Rose');
insert into Aluno (SID, name) values ('b93dbf9f-d436-4de7-b1e9-10951de64332', 'Christina Morris');
insert into Aluno (SID, name) values ('42bd2a11-a0d1-4e5c-b365-1bf1b8449c65', 'Louis Rice');
insert into Aluno (SID, name) values ('00b6d08c-8a7f-40ba-abaa-6bc4f2267abb', 'Bonnie Stone');
insert into Aluno (SID, name) values ('e59a434d-0d34-4a0f-804d-25aa2d401959', 'Michelle Weaver');
insert into Aluno (SID, name) values ('92b05951-fd80-4c83-89b1-d1b88b7268f9', 'Marilyn Graham');
insert into Aluno (SID, name) values ('abbed898-81c1-466b-a601-3d2fbbf75084', 'Eugene Hart');
insert into Aluno (SID, name) values ('8324edfe-6641-46c9-a48a-d675335249e8', 'Norma Ryan');
insert into Aluno (SID, name) values ('6571d92c-f9f0-451e-9f32-d824b0068080', 'Nicholas Dean');
insert into Aluno (SID, name) values ('29162b0c-e11e-4317-9862-cfcfbf6172fe', 'Marie Wagner');
insert into Aluno (SID, name) values ('826a0fd2-65a0-43f8-ae21-4cadc8ce7520', 'Phyllis Wilson');
insert into Aluno (SID, name) values ('e8a95ede-f244-4d82-b322-5beb1faff375', 'Arthur Phillips');
insert into Aluno (SID, name) values ('165fc30d-c348-4300-9cad-172a0d4dac8a', 'Kenneth Garrett');
insert into Aluno (SID, name) values ('fe32e781-fa71-4c8e-a4cf-efba7c681fa1', 'Jennifer Kim');
insert into Aluno (SID, name) values ('0bdbc7fb-24b8-4da7-a9ee-57e3c3b50ea7', 'Sean Martin');
insert into Aluno (SID, name) values ('7f05fe92-8079-4e42-ac6d-9541a3751de8', 'Raymond Carroll');
insert into Aluno (SID, name) values ('a7727cda-2fe5-4fb5-8ac3-5b10a74b3bb3', 'Kevin Schmidt');
insert into Aluno (SID, name) values ('5e40eee2-641f-4172-94cb-22632d40d9dc', 'Rose Hicks');
insert into Aluno (SID, name) values ('a09f7c1b-2381-4bf7-bfa3-44efd072a892', 'Steve Campbell');
insert into Aluno (SID, name) values ('bc518326-dcf0-4a49-bc9e-8c3e5b709ec9', 'Janet Baker');
insert into Aluno (SID, name) values ('a3c0dbdc-5a29-4d87-9377-44d75902ec59', 'Tammy Adams');
insert into Aluno (SID, name) values ('ec44a043-1b7d-4c04-8fc8-0c42dd629129', 'Thomas Bowman');
insert into Aluno (SID, name) values ('e461157b-05bb-4a49-a5de-c5a733278383', 'Andrea Peterson');
insert into Aluno (SID, name) values ('7eafb285-173d-4e60-849e-44a0cddba2fc', 'Ralph Griffin');
insert into Aluno (SID, name) values ('95d4071c-e288-4d15-a644-986cf81fa26e', 'Joan Stanley');
insert into Aluno (SID, name) values ('5843e811-5d0d-4e4d-a63f-700b411ae1ea', 'Carolyn Lawson');
insert into Aluno (SID, name) values ('a2bcb9e2-b62e-4033-b505-cac7dd557784', 'Frank Moreno');
insert into Aluno (SID, name) values ('afa5c79e-1083-493e-bcaa-ba4a7ee43db8', 'Anne Stevens');
insert into Aluno (SID, name) values ('153274ea-0585-48c1-a9db-0832ba3928a5', 'Gerald Peters');
insert into Aluno (SID, name) values ('90d3c150-e9ae-4903-a60f-624392e9eed0', 'Shawn Knight');
insert into Aluno (SID, name) values ('72b993bd-34ad-44f2-9cfd-2b205db09e92', 'Andrew Woods');
insert into Aluno (SID, name) values ('ee70144b-d49a-4068-b59e-d085aa0c7192', 'Raymond Fields');
insert into Aluno (SID, name) values ('f9b7113a-0d24-4a97-a959-7a7ae1c61ef6', 'Samuel Lane');
insert into Aluno (SID, name) values ('1970b72e-42b3-4543-aab7-e7e84c85c505', 'Heather Carter');
insert into Aluno (SID, name) values ('b3b32d93-8d0c-4a5a-9207-fbe2d2fbede8', 'Joan Lee');
insert into Aluno (SID, name) values ('a03ae41d-a434-4aba-adaa-be789f6a9a85', 'Tina Sullivan');
insert into Aluno (SID, name) values ('3a7c2228-01c5-4b14-984f-88f1506de8bb', 'Joyce Jenkins');
insert into Aluno (SID, name) values ('faa9195f-86a5-4497-936f-77dd884ac2a8', 'Adam Ferguson');
insert into Aluno (SID, name) values ('257696f0-f812-4932-a04a-ebb6ac8457a3', 'Sarah Fowler');
insert into Aluno (SID, name) values ('cb479347-9655-468e-b5bc-35f46d859614', 'Anthony Hanson');
insert into Aluno (SID, name) values ('6ec6280d-e541-45ea-bfdb-3dbdf702e912', 'Barbara Perez');
insert into Aluno (SID, name) values ('eaee9700-3ee5-4419-a263-21d600669509', 'Nicole Ferguson');
insert into Aluno (SID, name) values ('8b83c5fb-1231-4443-b4c6-2e23c8390a4c', 'Judith King');
insert into Aluno (SID, name) values ('082866fe-41a2-4f2d-a89f-2f620f7f1bed', 'Maria Fucker');
insert into Aluno (SID, name) values ('0e5c8079-635d-4010-b35c-73ddd1e657c0', 'Julie Turner');
insert into Aluno (SID, name) values ('40f6d1f4-1ddb-4788-a22f-67fd0b1687b6', 'Thomas Robinson');
insert into Aluno (SID, name) values ('b111de6c-0211-4687-a8b7-207a2d4950a9', 'Jimmy Scott');
insert into Aluno (SID, name) values ('24306cb9-4b61-4c1a-84bb-84888c80e819', 'Jeremy Willis');
insert into Aluno (SID, name) values ('21a814bb-7b87-42d8-9e8e-135c311147fd', 'Sean Ward');
insert into Aluno (SID, name) values ('457d35a2-81c7-4cec-95ec-84d90c9af436', 'Robin Stephens');
insert into Aluno (SID, name) values ('06304bf9-9f05-46c2-b6ff-d4caa377be28', 'Phyllis Porter');
insert into Aluno (SID, name) values ('52ff1351-ae7c-4668-96d6-a6e1fa58fbf8', 'Roy Morris');
insert into Aluno (SID, name) values ('ff62d2ad-42d0-4e39-b242-5036818af3e1', 'Norma Perkins');
insert into Aluno (SID, name) values ('e484ee00-3248-4322-9119-6150d81498cd', 'Gary Porter');
insert into Aluno (SID, name) values ('977f459a-a2cf-478e-863d-d5d94a9e4d79', 'Carol Medina');
insert into Aluno (SID, name) values ('858d2539-e845-4192-9a14-852172aac9a0', 'Lawrence Shaw');
insert into Aluno (SID, name) values ('4e8e9820-c780-45fe-b23f-61f84e4525ae', 'Gloria Kelley');
insert into Aluno (SID, name) values ('8bce903b-d2c7-40d2-9a32-b8292ea87eed', 'Heather Ruiz');
insert into Aluno (SID, name) values ('cfcdfbdc-c047-458e-813f-8a48bfde6209', 'Karen Castillo');
insert into Aluno (SID, name) values ('b42e1e06-884e-4e80-be56-9c50a613b885', 'Jonathan Walker');
insert into Aluno (SID, name) values ('40da898b-e1b9-4274-94dd-ad88aabd1e45', 'Carolyn Rogers');
insert into Aluno (SID, name) values ('494dc4c3-dc86-4974-b40f-26651a89bf8f', 'Harry Burns');
insert into Aluno (SID, name) values ('211ec081-cc48-44c3-ac11-43364dbe8afc', 'Ashley Wells');
insert into Aluno (SID, name) values ('e0674e9a-cf3c-4f2c-9a1a-9aded33fdaa8', 'Martha Collins');
insert into Aluno (SID, name) values ('3dadbe54-8b8c-42e7-b965-6b9f3a210988', 'Larry Hawkins');
insert into Aluno (SID, name) values ('9a4eb415-a472-4fda-891b-95c13f4380a6', 'Martha Burke');
insert into Aluno (SID, name) values ('e221e8ab-d88d-41a5-88bd-17e73adba373', 'Roy Elliott');
insert into Aluno (SID, name) values ('12264968-4c2a-4235-a246-884b2aac1c56', 'Jane Kelley');
insert into Aluno (SID, name) values ('b31ad494-eb46-489d-b986-d5f5bb22e5cf', 'Howard Kelly');
insert into Aluno (SID, name) values ('11f65829-e6c5-4ebc-aaf6-860349cedac5', 'Wayne Warren');
insert into Aluno (SID, name) values ('2a836517-4f55-4d27-8b91-60359dc03089', 'Marie Ryan');
insert into Aluno (SID, name) values ('0680de50-408f-4c38-b134-1819a8b6836b', 'Johnny Willis');
insert into Aluno (SID, name) values ('9f4a818a-9a3c-49a2-8c93-7eab82b95d47', 'Steve Walker');
insert into Aluno (SID, name) values ('4e9ee6dc-c773-4e49-9ba5-b0470e6afc3e', 'Jack Simpson');
insert into Aluno (SID, name) values ('b8d10372-edf7-44c8-b9b6-5ea3f8afd6cf', 'Jacqueline Marshall');
insert into Aluno (SID, name) values ('ed1d058f-36a1-4c26-9a93-1e59550f7e0d', 'Dennis Crawford');
insert into Aluno (SID, name) values ('384b5564-d3fd-4411-b488-2859a2c10123', 'Ronald Banks');
insert into Aluno (SID, name) values ('625e9a4f-418c-470a-a7fe-e0d246c286cd', 'Thomas Boyd');
insert into Aluno (SID, name) values ('b1b69240-93fd-410b-a2a1-aa9e1d27eef2', 'Denise Robertson');
insert into Aluno (SID, name) values ('77292498-0879-4158-925a-d8b1cc392743', 'Kimberly Black');
insert into Aluno (SID, name) values ('c820d48e-a2ff-4e64-9a1b-6e0b7a5f9dba', 'Deborah Murphy');
insert into Aluno (SID, name) values ('736255b0-d3b3-4c13-9bde-19ec32a623cc', 'Pamela Chavez');
insert into Aluno (SID, name) values ('57abd420-4b7e-4c6f-9163-129692aaf6bb', 'Russell Nguyen');
insert into Aluno (SID, name) values ('ce42c871-ce1c-49b8-a166-f0d82b459a57', 'Carlos Howell');
insert into Aluno (SID, name) values ('c4ea3d8e-5773-47e6-85ce-ff5373d4c07c', 'Fred Mills');
insert into Aluno (SID, name) values ('fd020136-f60d-4dc0-bbd8-b6e8d98b593d', 'Angela Long');


insert into Universidade (UID, name) values ('9df25731-31d1-4d4d-b629-b00e3b81a1d0', 'Universidad Autónoma del Carmen');
insert into Universidade (UID, name) values ('0267ea38-f61a-49d9-9842-febe0079cbb2', 'Ecole Supérieure de Chimie Organique et Minérale');
insert into Universidade (UID, name) values ('5f757ca9-25ce-4b90-97b7-7e61a6ab87bb', 'Spiru Haret University');
insert into Universidade (UID, name) values ('fad29a47-1919-4d8b-a197-804e6ad83482', 'Chaudhary Charan Singh Haryana Agricultural University');
insert into Universidade (UID, name) values ('4ddaf54a-0d9c-4463-ab26-1c627caa10dc', 'Shaheed Rajaei Teacher Training University');
insert into Universidade (UID, name) values ('a9fb73ae-7431-421c-b1ee-8269652a451d', 'North Carolina School of the Arts');
insert into Universidade (UID, name) values ('cf975506-63eb-4554-a9e2-3569e78095ca', 'Aichi Bunkyo University');
insert into Universidade (UID, name) values ('041f2fb0-4e7b-41c1-9936-256a2a3ddbfb', 'Ohio University - Lancaster');
insert into Universidade (UID, name) values ('435692e0-a4bd-47ae-a4b4-f3490a4c8d84', 'Fachhochschule Frankfurt am Main');
insert into Universidade (UID, name) values ('399cef3e-a141-42fb-aec8-357daa70e5b7', 'Ufuk University');
insert into Universidade (UID, name) values ('d9cbbe68-2a8e-481a-b991-8fc0eb646d43', 'Iwate Prefectural University');
insert into Universidade (UID, name) values ('a7a43445-44da-449f-9443-5ad5fc7dacc4', 'Medizinische Universität Graz');
insert into Universidade (UID, name) values ('36d22626-c4ec-4792-800a-8d81fd560b6f', 'Shandong University of Art and Design');
insert into Universidade (UID, name) values ('f89bebbb-9122-4689-a30f-9ef4d4b6f12d', 'Southeastern College of the Assemblies of God');
insert into Universidade (UID, name) values ('6bc90f86-2937-4b3e-8b82-09662e5a502a', 'Tibet University of Nationalities');
insert into Universidade (UID, name) values ('f556c5bf-49de-46ec-ac71-ea4bf65d7b99', 'Universidad de Guanajuato, Campus León');
insert into Universidade (UID, name) values ('d4752dc2-d4d3-43c9-9baa-118d0410809c', 'Kossuth Lajos University');
insert into Universidade (UID, name) values ('b7d73ea3-be32-4f3e-8ca6-0d34d9e8b57e', 'Soai University');
insert into Universidade (UID, name) values ('02a33706-c24e-4f6d-b648-ad2927f398df', 'Universidad Empresarial Mateo Kuljis');
insert into Universidade (UID, name) values ('3d4922af-46b5-43e8-91a8-15762b832664', 'Minot State University');
insert into Universidade (UID, name) values ('539eef5a-f266-4d45-8f72-2b5487844047', 'Nasarawa State University Keffi');
insert into Universidade (UID, name) values ('1491e913-5ab4-4fc5-a7f3-f223d935d8ff', 'Eritrea Institute of Technology');
insert into Universidade (UID, name) values ('6d91e2d9-9c1e-4bef-9fec-eef8807526e1', 'Kanda University of International Studies');
insert into Universidade (UID, name) values ('3b9ccb59-84d3-4bb1-a1b6-2ba2e2ca5027', 'Technological University (Taungoo)');
insert into Universidade (UID, name) values ('21877926-c13c-44bc-a18b-872ea2e58a7a', 'Kazakh British Technical University');
insert into Universidade (UID, name) values ('aad7f4e1-a716-4fc9-90fc-416fe930b9e8', 'Millsaps College');
insert into Universidade (UID, name) values ('80f3c399-9780-4a0a-a945-45a6a98d1796', 'Nova Scotia Agricultural College');
insert into Universidade (UID, name) values ('ce8236c9-9342-4e1e-95d6-031a0b6af87d', 'ENIC Telecom Lille 1');
insert into Universidade (UID, name) values ('bb84d3ff-4492-415e-a303-6b83d8b62668', ' Technological University (Yangon)');
insert into Universidade (UID, name) values ('4d31c31d-b653-4bfa-b6fb-f217f9ace314', 'Institute of Management & Enteurpreneurship of South East Europe');
insert into Universidade (UID, name) values ('6b598b50-61b7-409c-8b3f-4e3ced76ed44', 'Western Baptist College');
insert into Universidade (UID, name) values ('1665ba17-5413-4ad0-9215-d68bc7b0ede2', 'Universidade São Judas Tadeu');
insert into Universidade (UID, name) values ('8764de39-bdba-4118-a75b-dccb8ad19d10', 'Wilson College');
insert into Universidade (UID, name) values ('30b7e430-9aae-401c-b0ea-285e59bdd774', 'Cedar Crest College');
insert into Universidade (UID, name) values ('41e3f8c9-965f-4797-a083-ddc30e6bfffb', 'Universidad Tecnológica de El Salvador');
insert into Universidade (UID, name) values ('ae70155e-0bd4-4eeb-9276-0344305fb61a', 'Stavropol State University');
insert into Universidade (UID, name) values ('de57cdd8-2346-4e61-b91d-962b0bb5530e', 'Osaka University');
insert into Universidade (UID, name) values ('3c0cb58e-07a8-4eb8-b47a-1ec1d29bbf10', 'Nicolaus Copernicus University of Torun');
insert into Universidade (UID, name) values ('65143a64-7e93-4433-8f52-2fe6c78740e9', 'Skidmore College');
insert into Universidade (UID, name) values ('ead2bd16-0bba-4c35-a735-9c168fe98b97', 'ABM University College');
insert into Universidade (UID, name) values ('b0705398-5ed8-49d6-b557-f884ac851566', 'Wuhan University of Hydraulic and Electric Engineering');
insert into Universidade (UID, name) values ('09b3f12d-d0c8-49f4-91a1-491b3901a363', 'West China University of Medical Sciences');
insert into Universidade (UID, name) values ('ccad20e7-621d-4338-9abf-0f493263a5d0', 'Rajasthan Technical University');
insert into Universidade (UID, name) values ('b281278b-b211-4747-98e6-1b14aae10514', 'Academy of the Ministry of Internal Affairs of the Republic of Belarus');
insert into Universidade (UID, name) values ('5d8bda70-4fef-45c6-b48d-8ae375af1962', 'Vennard College');
insert into Universidade (UID, name) values ('457c3244-bf00-4732-895d-b2f345280175', 'Józef Tyszkiewicz College of Business and Computer Science in Bielsko-Biala');
insert into Universidade (UID, name) values ('6a4eb68c-6fda-4b94-b15f-ed6e65ba07da', 'University of Plymouth');
insert into Universidade (UID, name) values ('4e48ea43-47f1-4b08-9f21-414c3189ba5a', 'Duluth Business University');
insert into Universidade (UID, name) values ('ffdc7ed9-6e40-46f5-9039-09d09da40c67', 'Kent State University');
insert into Universidade (UID, name) values ('94b71e98-0172-42c5-9425-24cafb76990f', 'University of South Asia');
insert into Universidade (UID, name) values ('4c2d87d2-444d-4627-8cda-0ac2f0e2c67d', 'University of Veterinary & Animal Science');
insert into Universidade (UID, name) values ('4d605b87-e48e-47e4-98e6-f4aae9e602e5', 'Oregon Institute of Technology');
insert into Universidade (UID, name) values ('1b72063e-d81d-4b29-85a5-3bfd8a625486', 'Global University');
insert into Universidade (UID, name) values ('bda85a3a-84b4-4cf2-b653-38b9db9a848f', 'Instituto Politécnico de Lisboa');
insert into Universidade (UID, name) values ('0e330ac3-acf3-463e-b2a0-f62e4a66879c', 'University of Lagos');
insert into Universidade (UID, name) values ('2cc05087-efe4-4c97-bd1f-e9e38eb8ca7c', 'International Hellenic University');
insert into Universidade (UID, name) values ('70ae6d51-db93-4605-891e-fed82f9ebaab', 'Sikkim Manipal University of Health, Medical and Technological Sciences');
insert into Universidade (UID, name) values ('f16e3717-d4c3-41b8-a00d-1c32b27d383f', 'University of Kuopio');
insert into Universidade (UID, name) values ('a4ebc251-e818-472e-9d6a-15c80da0a72c', 'Nanjing Union Theological Seminary');
insert into Universidade (UID, name) values ('dbcba02c-33f0-4bbf-91c7-0eb401b7b075', 'Liaoning Normal University');
insert into Universidade (UID, name) values ('fa3e590a-80e6-4f12-8b93-83694ed0681a', 'Ibrahim Babangida University');
insert into Universidade (UID, name) values ('bf17d3f1-8f30-470f-98ab-adff34a19993', 'EAP Europäische Wirtschaftshochschule Berlin');
insert into Universidade (UID, name) values ('fae68087-d7f1-4480-b942-1689893ab0f0', 'Springfield College');
insert into Universidade (UID, name) values ('0aa13bbe-c612-4227-8a23-542f3cdfddcc', 'Columbia Commonwealth University');
insert into Universidade (UID, name) values ('831305e6-cb9a-4e4d-8c68-5dce5eb8528d', 'St Bernard''s Institute');
insert into Universidade (UID, name) values ('34e166e3-5c4a-4fcb-9979-f12ff95d8840', 'Universidad Nacional de Villa María');
insert into Universidade (UID, name) values ('0f968cde-d991-4aba-9e40-fa9456e16386', 'Amman University');
insert into Universidade (UID, name) values ('efe7086c-e58d-41da-8481-1b70fb218927', 'Haverford College');
insert into Universidade (UID, name) values ('2be03bbc-df69-4fa2-bc87-ff2abde9c67b', 'Kobe Women''s University');
insert into Universidade (UID, name) values ('c0dca56a-df60-481e-ad86-8a1c5217725c', 'Nanjing University of Science and Technology');
insert into Universidade (UID, name) values ('fa36f363-482d-42a2-b7e5-e86e3934e874', 'Bunka Women''s University');
insert into Universidade (UID, name) values ('e65cfd7f-a2b7-4dff-9abe-a60c4de1137a', 'Harvey Mudd College');
insert into Universidade (UID, name) values ('817d0009-9433-4d9a-a8db-f783828a5750', 'Omsk State Technical University');
insert into Universidade (UID, name) values ('ab828cfc-ca1d-4287-9433-44da149db164', 'Medizinische Universität Innsbruck');
insert into Universidade (UID, name) values ('357c6a16-3fc8-409b-9eaa-7edd26597aab', 'Universidade Federal de Mato Grosso do Sul');
insert into Universidade (UID, name) values ('2d4b6b53-e481-41b6-bdc3-839b7d77d4b5', 'The World Islamic Sciences & Education University');
insert into Universidade (UID, name) values ('7c58b8d2-35a4-449f-9743-bfac3fa53659', 'Université d''Antananarivo');
insert into Universidade (UID, name) values ('ab8f3e91-5d2c-416c-bbff-01fe365a2f18', 'Alma College');
insert into Universidade (UID, name) values ('b06d1b9e-ad29-4a00-9bf2-6c04b4865e79', 'Gulhane Military Medical Academy');
insert into Universidade (UID, name) values ('b731eae5-4a2f-4cb7-b445-bf61811b1862', 'Philosophisch-Theologische Hochschule Sankt Georgen');
insert into Universidade (UID, name) values ('6ca91c49-13c1-4edc-b44b-03984cf71a17', 'Sage Graduate School');
insert into Universidade (UID, name) values ('2ffe4cb2-b315-4d27-b868-e38c0708ccc3', 'Universität Augsburg');
insert into Universidade (UID, name) values ('ea7ff565-9b4a-45d2-a78b-b407089ebde9', 'Northwest Nazarene University');
insert into Universidade (UID, name) values ('6806f7a3-c224-44b0-a436-9c449caf28f1', 'Université d''Abobo-Adjamé');
insert into Universidade (UID, name) values ('4be2c7b1-d919-4c4d-b104-d6803d3c2ea3', 'DeVry Institute of Technology, Pomona');
insert into Universidade (UID, name) values ('58c4d0c0-b297-4b6a-bece-2f35591626d6', 'Pacific Lutheran University');
insert into Universidade (UID, name) values ('42ab7775-1aa5-4418-8f13-1b26ec5deff0', 'Tibet Tibetan Medical College');
insert into Universidade (UID, name) values ('d60082c5-da04-4791-962e-fc62cd713afd', 'Universidad Autónoma de Manizales');
insert into Universidade (UID, name) values ('24b5e83b-9434-42ef-8fe1-b9e21efdc426', 'Northwest Christian College');
insert into Universidade (UID, name) values ('4cb6268d-1892-4d0a-9110-8d6e4e9c5dd0', 'University of the Sacred Heart Tokyo');
insert into Universidade (UID, name) values ('5b5c147e-8c1b-4c71-b73c-d1701c243a89', 'International Institute for Higher Education');
insert into Universidade (UID, name) values ('430cd66f-2501-4033-a47f-329c60cf7dc0', 'Tsinghua University');
insert into Universidade (UID, name) values ('5dfb3352-2237-410d-b39b-e4b1da66bb46', 'Aichi Shukutoku University');
insert into Universidade (UID, name) values ('f8286ce8-93ef-439f-bccd-ee85eea108ce', 'Sher-E-Kashmir University of Agricultural Sciences and Technology');
insert into Universidade (UID, name) values ('85e7210b-c7a6-43bb-b476-b07dcfc2949c', 'Tennessee State University');
insert into Universidade (UID, name) values ('063ccdf8-e07b-4242-814a-30e7f407e12b', 'University of Connecticut at Stamford');
insert into Universidade (UID, name) values ('355b9faa-1b3f-4858-9928-f1e2dce940bb', 'University of the Philippines Visayas');
insert into Universidade (UID, name) values ('f4afaaf2-f7b3-47c9-baf7-1342ed8f75d7', 'Wayne State University');
insert into Universidade (UID, name) values ('93d4dc3f-9e03-4b87-ac0a-cb576238d6d7', 'Asian University of Bangladesh');
insert into Universidade (UID, name) values ('ed157827-3cc4-4b7f-8313-4ddf255275ef', 'University of the Humanities');


insert into Professor (PID, name) values ('cbbdf5d8-5ef8-4e46-a090-f484cbb8cc03', 'Denise Brown');
insert into Professor (PID, name) values ('07b1a101-b221-4323-b429-197dc2b3760f', 'Virginia Hill');
insert into Professor (PID, name) values ('004a8dfa-f321-4e10-bea1-92e03e43d82d', 'Douglas Gibson');
insert into Professor (PID, name) values ('0e2f9173-7e86-4412-9f96-099fab960fca', 'Jason Jordan');
insert into Professor (PID, name) values ('2c770581-0ea1-4c8f-a66c-ddbf661baeee', 'Denise Walker');
insert into Professor (PID, name) values ('2f4d5aae-7ab5-4a2c-84f4-bc49867e7e73', 'Daniel Cole');
insert into Professor (PID, name) values ('cb94920e-9b78-43a1-8521-8529f5893417', 'Julia Stanley');
insert into Professor (PID, name) values ('1f0150b4-c230-4245-b61e-e35cf4d65081', 'Rebecca Hernandez');
insert into Professor (PID, name) values ('24eb6659-c170-4ab8-82bd-871dbfc5943f', 'Billy Fields');
insert into Professor (PID, name) values ('c3c7eaff-a04b-4229-8056-496f14d50cc4', 'Michael Lane');
insert into Professor (PID, name) values ('a66fc60f-de0c-4b0d-af8e-8d4a9dad9085', 'Ashley Hanson');
insert into Professor (PID, name) values ('95c81746-c83b-4375-bd59-071c52abf8e4', 'Deborah Burton');
insert into Professor (PID, name) values ('064b4fd2-8c5f-44a8-a349-e922ea5a2139', 'Ronald Marshall');
insert into Professor (PID, name) values ('d44f4c73-aff9-4558-bd10-c2ea19dfd082', 'Stephanie Bowman');
insert into Professor (PID, name) values ('17e81031-74a1-4edd-bf0f-3204af1928ce', 'Kathleen Boyd');
insert into Professor (PID, name) values ('0e7a7bd3-c19c-42e6-909a-d27bd22e688c', 'Scott Jacobs');
insert into Professor (PID, name) values ('d3e8f33a-77d5-4624-9972-2e7589ad63d9', 'Joan Campbell');
insert into Professor (PID, name) values ('41a21799-08d5-4ef9-9538-f596621e4f34', 'Anna Martin');
insert into Professor (PID, name) values ('84e3a404-9550-4532-8988-a43720eaaf92', 'Carl Murphy');
insert into Professor (PID, name) values ('1c168b6c-14ed-4e4f-9943-eae8024e68ae', 'Jean Williams');
insert into Professor (PID, name) values ('69b58ad3-f06e-43ee-824e-e3c17174ae47', 'Ruby Hayes');
insert into Professor (PID, name) values ('4d66c5ec-7f42-49a2-9e29-cc81769b6db4', 'Adam Rodriguez');
insert into Professor (PID, name) values ('4bfed404-526d-45ab-912a-2c9b29467ead', 'Rose Palmer');
insert into Professor (PID, name) values ('b2cfd0ac-728b-4f07-8a4b-f7948e3695ad', 'Heather Garcia');
insert into Professor (PID, name) values ('14d4c56e-2b7a-47b2-8872-9141ed7f8c3b', 'Helen Spencer');
insert into Professor (PID, name) values ('d4dc59f3-eeae-4f48-978a-3a1defd6c10f', 'Robin Ferguson');
insert into Professor (PID, name) values ('016ed18d-fa8c-4c43-b6b8-853d36172e52', 'Jesse Hudson');
insert into Professor (PID, name) values ('38d26a3e-4b2d-4047-ab41-885d0bc03f4f', 'Julie Arnold');
insert into Professor (PID, name) values ('56cfb69e-524e-4129-9de0-50c5c9d590da', 'Lawrence Frazier');
insert into Professor (PID, name) values ('9c0d572a-ef93-4a6e-b972-2f25d15269ce', 'Melissa Evans');
insert into Professor (PID, name) values ('81eb7c4f-8a97-43fd-b5ac-5698cb127d8e', 'Laura Wheeler');
insert into Professor (PID, name) values ('838033e8-cff2-4303-bb59-64037c3dc0d5', 'Victor Hunter');
insert into Professor (PID, name) values ('4175e884-b44b-49b7-91d0-6551e1c88caa', 'Martin Reynolds');
insert into Professor (PID, name) values ('78d0a8c5-64d6-4778-81e5-0e724ecdd479', 'Marie Gray');
insert into Professor (PID, name) values ('597f7327-61fb-4866-a8f1-639a7b3ea922', 'Rebecca King');
insert into Professor (PID, name) values ('d75b38f4-54d2-4806-b3cb-6536ff6f9127', 'Jonathan Robinson');
insert into Professor (PID, name) values ('c7b7a545-f00c-4e0b-b2d5-c57c72e00a17', 'John Garza');
insert into Professor (PID, name) values ('77eb17bd-cc06-4928-84e0-09137816dd07', 'Daniel Cruz');
insert into Professor (PID, name) values ('0cab8caf-53be-466b-bc47-bcd756d96e41', 'Randy Mills');
insert into Professor (PID, name) values ('025683b1-5a82-490f-8c44-fba92c84b19a', 'Dennis Gardner');
insert into Professor (PID, name) values ('3cb82ff5-125b-413e-b2dd-8840fd2d09f5', 'Christopher Nelson');
insert into Professor (PID, name) values ('343a95d1-caa9-42ae-a07c-77f50f67cacd', 'Louis Crawford');
insert into Professor (PID, name) values ('1906f47b-1ec1-4093-8ab5-fe9ee07961f0', 'Anna Gibson');
insert into Professor (PID, name) values ('588f295a-a4c1-4712-ad28-7cebcd2b2f7d', 'Sarah Hamilton');
insert into Professor (PID, name) values ('9fbdf0cc-ac6f-4dea-a58f-780edd3774ab', 'Stephen Bradley');
insert into Professor (PID, name) values ('c6c40367-792f-4f09-bc7c-d44a8d57ed90', 'Cheryl Mills');
insert into Professor (PID, name) values ('e56cb991-6db1-41c8-ba89-77d42b984f37', 'Willie Cox');
insert into Professor (PID, name) values ('b10cda94-ff43-4528-b5b5-bcc55bb22b2f', 'Barbara Roberts');
insert into Professor (PID, name) values ('2c27a2cc-6d6b-4070-867d-873e212b67c8', 'Peter Scott');
insert into Professor (PID, name) values ('391af39d-ebc6-4629-b4fb-93c051c6aa95', 'Dorothy Fisher');
insert into Professor (PID, name) values ('dea1bc38-6368-4094-9c99-54d303adb397', 'Evelyn Garza');
insert into Professor (PID, name) values ('93c39f6a-1c00-47d9-ab29-2aa8894d7793', 'Lisa Armstrong');
insert into Professor (PID, name) values ('02922fdf-a51a-46e4-a3e7-ea7fa3a7e3c7', 'Annie Crawford');
insert into Professor (PID, name) values ('4ec3c06d-3c1d-49ab-968f-2022516360bf', 'Shirley Cunningham');
insert into Professor (PID, name) values ('82265880-8b47-4fc5-9345-c0fa583c3c16', 'Jack Mills');
insert into Professor (PID, name) values ('d6dd77e1-ae0c-4a4a-abf8-f0b619e327f4', 'Donald Flores');
insert into Professor (PID, name) values ('191383b5-e738-4a91-b064-59f9feaf9669', 'Sarah Dixon');
insert into Professor (PID, name) values ('114cc27e-7c0b-4fd3-b5f3-7a94f4fb10bb', 'Willie Gilbert');
insert into Professor (PID, name) values ('a650aa98-06dc-4096-b785-2bd766247cb6', 'Gloria Nelson');
insert into Professor (PID, name) values ('03ccb0e2-5fde-4d0b-bcb8-dd44a0f4fce3', 'Brenda Hansen');
insert into Professor (PID, name) values ('95de5e2b-75fa-474c-b852-ca3a31da858d', 'Jean Black');
insert into Professor (PID, name) values ('245c0ef1-66a0-4981-bd79-970c001128d0', 'Frank White');
insert into Professor (PID, name) values ('dc0c62d2-68cd-425a-a89c-8ad3e2f52a5a', 'Antonio Alexander');
insert into Professor (PID, name) values ('985aede0-7feb-4aaf-a273-979f344ca2b3', 'Janet Carpenter');
insert into Professor (PID, name) values ('14774f8f-d841-4a7d-a6bf-a21babb86a7e', 'Doris Hall');
insert into Professor (PID, name) values ('02bd989d-8e78-4e04-bc8f-5ecf321ca4fb', 'Nicole Williams');
insert into Professor (PID, name) values ('0cd5fa17-dd60-4dc6-8614-b56c9e570dd7', 'Juan Berry');
insert into Professor (PID, name) values ('983a3739-d4ea-4b8f-bc01-3edb841b188a', 'Anne Marshall');
insert into Professor (PID, name) values ('773ac42c-6be3-46a8-9035-ddf52d79f0b8', 'Katherine Frazier');
insert into Professor (PID, name) values ('410b2b96-ed00-423b-9c9d-47409f02d285', 'Howard Hamilton');
insert into Professor (PID, name) values ('4fae81af-ae03-4b7d-96bf-5ef3f5a34e97', 'Rachel Spencer');
insert into Professor (PID, name) values ('b5e03919-de4b-4d3a-9a64-51772901946e', 'Ann Castillo');
insert into Professor (PID, name) values ('d5cbd80d-f47f-44d1-ba3a-ba3a5ada6029', 'Victor Nelson');
insert into Professor (PID, name) values ('17d10976-a433-4cfb-a0a3-ae527b13bdf2', 'Clarence Richards');
insert into Professor (PID, name) values ('7da28456-0987-4cf4-a183-4b9c81f547a3', 'Fred Olson');
insert into Professor (PID, name) values ('5ee8fd05-0c73-4d84-93bc-bcd6a597e979', 'Katherine Walker');
insert into Professor (PID, name) values ('2cc00b9d-f3af-4287-8b5c-be62db3bbc2a', 'Walter Lee');
insert into Professor (PID, name) values ('1e3f312a-3973-4d74-aca8-6d2c96762598', 'Jessica Hicks');
insert into Professor (PID, name) values ('543f729c-1849-463a-b87f-fcb9e7cce584', 'Robin Ruiz');
insert into Professor (PID, name) values ('0a7afb30-4c88-49f1-bf4d-185de4f69b8c', 'Jessica Jordan');
insert into Professor (PID, name) values ('1be277a4-4ed6-42c1-a82f-ca06ef5fff0d', 'Virginia Simpson');
insert into Professor (PID, name) values ('72ab4c72-63e4-4795-bf85-896692f8b8ec', 'Brian Johnson');
insert into Professor (PID, name) values ('3e43be66-585a-40ca-9c98-a302b91fac33', 'Lois Wood');
insert into Professor (PID, name) values ('ff1bcbac-b54c-4f9e-bcb0-886d1a88fea1', 'Frances Jacobs');
insert into Professor (PID, name) values ('fb00a366-a5f6-469b-b3ca-3eec8c252da7', 'Harry Reid');
insert into Professor (PID, name) values ('f0b3bf56-7633-41be-a7d2-2f3be1b4883b', 'Diana Rogers');
insert into Professor (PID, name) values ('c89cbbb0-536d-4dd1-a2ac-ea8a92dc9492', 'Jason Cooper');
insert into Professor (PID, name) values ('b1045c95-f788-40a0-b9cd-3e68410ee68e', 'Anne Butler');
insert into Professor (PID, name) values ('c8affadc-3c8a-4fec-98ea-6977fd5d4940', 'Steve Campbell');
insert into Professor (PID, name) values ('b463ee87-f60e-4b12-8058-94b90a0ca814', 'Nancy Price');
insert into Professor (PID, name) values ('3c073ec3-3bfa-42fd-a4dc-d4a97a84b0aa', 'Helen Perez');
insert into Professor (PID, name) values ('85dd60b4-ea83-43e7-9d70-99998448256b', 'Jeremy Carroll');
insert into Professor (PID, name) values ('25969bda-a3b9-4c99-92ca-a7853b4dec82', 'Aaron Gilbert');
insert into Professor (PID, name) values ('bf31f678-0d13-4bc2-8aeb-c01cd197a7b7', 'Keith Morales');
insert into Professor (PID, name) values ('5ac45859-b08a-43bb-a290-aaf60949faa8', 'Kimberly Anderson');
insert into Professor (PID, name) values ('6cf34b9c-8940-4820-9f82-fa58481f58d0', 'Joan Stewart');
insert into Professor (PID, name) values ('fb0235cb-49f4-4217-a79a-a804970bb886', 'Margaret George');
insert into Professor (PID, name) values ('ac3f98eb-d533-4d3e-bbcb-70da939c6b1d', 'Walter Reid');
insert into Professor (PID, name) values ('fe2e4320-7aca-4ea7-99bd-a15d6aec0108', 'William Ward');
insert into Professor (PID, name) values ('895302e3-6a43-458d-a7bb-517dc4a17557', 'Rebecca Brown');

/*(select UID from Universidade where name = 'University of the Humanities') -> 'ed157827-3cc4-4b7f-8313-4ddf255275ef*/
insert into Curso (CID, name, UID) values ('ffe3d853-71e1-46fd-92a2-a656ce462729', 'Services' , (select UID from Universidade where name = 'University of the Humanities'));
insert into Curso (CID, name, UID) values ('e467ff6c-255b-4d2b-98eb-a02dc96fea67', 'Human Resources' , (select UID from Universidade where name = 'University of the Humanities') );
insert into Curso (CID, name, UID) values ('a16ed94a-eb36-4d36-a31c-6852f8989acf', 'Legal', (select UID from Universidade where name = 'University of the Humanities'));
insert into Curso (CID, name, UID) values ('c3c354fe-fede-4c5c-b97b-c5bda6ed915f', 'Training', (select UID from Universidade where name = 'University of the Humanities'));
insert into Curso (CID, name, UID) values ('b43802b4-229e-4f6b-b067-a965aa26bc15', 'Sales', (select UID from Universidade where name = 'University of the Humanities'));
insert into Curso (CID, name, UID) values ('cbb0faf6-6172-4831-b37d-1e94ac1514ec', 'Support', (select UID from Universidade where name = 'University of the Humanities'));
insert into Curso (CID, name, UID) values ('3118de22-5271-41d9-9eea-34860c79c0ff', 'Engineering', (select UID from Universidade where name = 'University of the Humanities'));
insert into Curso (CID, name, UID) values ('b67e1b17-df03-41a2-8a97-19149811d699', 'Training', (select UID from Universidade where name = 'University of the Humanities'));
insert into Curso (CID, name, UID) values ('c7e3fbaa-138e-43af-8264-f0d60ddffc7b', 'Services', (select UID from Universidade where name = 'University of the Humanities'));
insert into Curso (CID, name, UID) values ('b4c417a8-c812-487c-b3f2-097ca40df5da', 'Accounting', (select UID from Universidade where name = 'University of the Humanities'));
insert into Curso (CID, name, UID) values ('2705f4a7-2022-4e56-bbff-465487280147', 'Training', (select UID from Universidade where name = 'University of the Humanities'));
insert into Curso (CID, name, UID) values ('7c9ae914-65f9-43c6-a8e2-568d557b952d', 'Research and Development', (select UID from Universidade where name = 'University of the Humanities'));
insert into Curso (CID, name, UID) values ('34291d4b-5220-4b50-92cc-442e5e2e3bd7', 'Research and Development', (select UID from Universidade where name = 'University of the Humanities'));
insert into Curso (CID, name, UID) values ('2c7c7984-2d3f-4e08-ae01-bf72aef81c80', 'Support', (select UID from Universidade where name = 'University of the Humanities'));
insert into Curso (CID, name, UID) values ('20355548-6a92-4a32-81cd-f52208ef511f', 'Accounting', (select UID from Universidade where name = 'University of the Humanities'));
insert into Curso (CID, name, UID) values ('8e66b47b-7e45-438a-9f95-dc6a086b54c4', 'Accounting', (select UID from Universidade where name = 'University of the Humanities'));
insert into Curso (CID, name, UID) values ('f73aa345-5f2f-49d3-a5ae-73f5b84bf860', 'Training', (select UID from Universidade where name = 'University of the Humanities'));
insert into Curso (CID, name, UID) values ('ba411508-1f7c-44fc-953f-494cd2320020', 'Research and Development', (select UID from Universidade where name = 'University of the Humanities'));
insert into Curso (CID, name, UID) values ('ae0b1645-96ba-4dbd-b73b-b7f045182fe1', 'Services', (select UID from Universidade where name = 'University of the Humanities'));
insert into Curso (CID, name, UID) values ('b4364dee-6b87-42be-a782-291eb9c05a07', 'Research and Development', (select UID from Universidade where name = 'University of the Humanities'));
insert into Curso (CID, name, UID) values ('be080e93-af2f-4154-aa1e-67e3b4acd185', 'Research and Development', (select UID from Universidade where name = 'University of the Humanities'));
insert into Curso (CID, name, UID) values ('06ac2885-4e93-44b5-9975-abdadc2325ca', 'Accounting', (select UID from Universidade where name = 'University of the Humanities'));
insert into Curso (CID, name, UID) values ('f148f5f9-c7e6-4ea6-a760-e1ee3717493b', 'Sales', (select UID from Universidade where name = 'University of the Humanities'));
insert into Curso (CID, name, UID) values ('5e3f0428-eba2-4b7a-bf96-63443936cf71', 'Research and Development', (select UID from Universidade where name = 'University of the Humanities'));
insert into Curso (CID, name, UID) values ('28f0029d-69af-4ed0-812d-a28d3a3fc5bd', 'Support', (select UID from Universidade where name = 'University of the Humanities'));
insert into Curso (CID, name, UID) values ('a48a1e77-243c-45ab-9f29-46832c3ed9a9', 'Research and Development', (select UID from Universidade where name = 'University of the Humanities'));
insert into Curso (CID, name, UID) values ('629c6183-1fe8-41b6-a648-6e57afc4c8db', 'Training', (select UID from Universidade where name = 'University of the Humanities'));
insert into Curso (CID, name, UID) values ('2527233d-a938-489f-b871-4bea68e801a0', 'Sales', (select UID from Universidade where name = 'University of the Humanities'));
insert into Curso (CID, name, UID) values ('943bf588-5e15-4aa0-b43d-d9dd8c67fe9b', 'Training', (select UID from Universidade where name = 'University of the Humanities'));
insert into Curso (CID, name, UID) values ('f9a2e0c9-a5b5-4d4a-9a5a-5f14a552b84e', 'Engineering', (select UID from Universidade where name = 'University of the Humanities'));
insert into Curso (CID, name, UID) values ('548303af-8b7e-46b5-b782-de21e36d7885', 'Sales', (select UID from Universidade where name = 'University of the Humanities'));
insert into Curso (CID, name, UID) values ('a8d83418-842e-4fcf-a2c5-8e1d82b528b1', 'Marketing', (select UID from Universidade where name = 'University of the Humanities'));
insert into Curso (CID, name, UID) values ('7aadde35-190e-4ff6-9253-35344f5d965c', 'Marketing', (select UID from Universidade where name = 'University of the Humanities'));
insert into Curso (CID, name, UID) values ('fe5ed273-45be-4750-90bf-b6a992de8bd4', 'Support', (select UID from Universidade where name = 'University of the Humanities'));
insert into Curso (CID, name, UID) values ('eafc26be-b5bf-4a51-9ff6-8a9f47f105a8', 'Accounting', (select UID from Universidade where name = 'University of the Humanities'));
insert into Curso (CID, name, UID) values ('e022460a-5a80-423a-8b87-0f7c44726e16', 'Accounting', (select UID from Universidade where name = 'University of the Humanities'));
insert into Curso (CID, name, UID) values ('fbd951ad-3a4a-4328-88af-c48458730319', 'Engineering', (select UID from Universidade where name = 'University of the Humanities'));
insert into Curso (CID, name, UID) values ('9a1690a5-4c83-4e0b-87d4-50a21ae466bd', 'Services', (select UID from Universidade where name = 'University of the Humanities'));
insert into Curso (CID, name, UID) values ('5228e2c3-4760-4fc7-a78d-2a8bea55e4bc', 'Sales', (select UID from Universidade where name = 'University of the Humanities'));
insert into Curso (CID, name, UID) values ('d14d568e-94f3-437c-80f6-36dbbd46af50', 'Product Management', (select UID from Universidade where name = 'University of the Humanities'));
insert into Curso (CID, name, UID) values ('54a831d4-2eee-4194-a4e4-6fe657f81446', 'Product Management', (select UID from Universidade where name = 'University of the Humanities'));
insert into Curso (CID, name, UID) values ('3e2387d6-d685-468d-9ba5-ac0c27964b1e', 'Engineering', (select UID from Universidade where name = 'University of the Humanities'));
insert into Curso (CID, name, UID) values ('5a3e6db1-e397-4ba9-bf6d-5a42a42afc82', 'Support', (select UID from Universidade where name = 'University of the Humanities'));
insert into Curso (CID, name, UID) values ('de3e52ea-c809-49ba-be59-69f61048cd52', 'Training', (select UID from Universidade where name = 'University of the Humanities'));
insert into Curso (CID, name, UID) values ('c7b1d000-a877-4fb3-a78e-18e3f08e15d5', 'Engineering', (select UID from Universidade where name = 'University of the Humanities'));
insert into Curso (CID, name, UID) values ('aa748dc0-0a4a-4e84-9c7f-fde3e9a24568', 'Engineering', (select UID from Universidade where name = 'University of the Humanities'));
insert into Curso (CID, name, UID) values ('fc444ace-8a25-4e06-b558-0fe83dba18cb', 'Engineering', (select UID from Universidade where name = 'University of the Humanities'));
insert into Curso (CID, name, UID) values ('48d16da6-54fe-48f1-be93-8175a6f98071', 'Services', (select UID from Universidade where name = 'University of the Humanities'));
insert into Curso (CID, name, UID) values ('409cf282-8ace-4d4b-b2e0-e3a6f3dd6e54', 'Research and Development', (select UID from Universidade where name = 'University of the Humanities'));
insert into Curso (CID, name, UID) values ('2889e4ff-76d6-45a3-adfe-8ef4f1c94cba', 'Training', (select UID from Universidade where name = 'University of the Humanities'));
insert into Curso (CID, name, UID) values ('e97743b5-fb7a-403d-bdd7-71b5c298a5e2', 'Product Management', (select UID from Universidade where name = 'University of the Humanities'));
insert into Curso (CID, name, UID) values ('79ff2fc4-f446-4f16-bcea-ac23a4bdf92b', 'Services', (select UID from Universidade where name = 'University of the Humanities'));
insert into Curso (CID, name, UID) values ('25d9fc95-0c63-4923-be01-e118042a4352', 'Services', (select UID from Universidade where name = 'University of the Humanities'));
insert into Curso (CID, name, UID) values ('f4258917-a3a0-448f-9a6a-7210ce49585c', 'Human Resources', (select UID from Universidade where name = 'University of the Humanities'));
insert into Curso (CID, name, UID) values ('402858b4-747e-4fd8-8dd1-a529dc6ff564', 'Support', (select UID from Universidade where name = 'University of the Humanities'));
insert into Curso (CID, name, UID) values ('f8d3e351-ba7a-4e8f-8b1d-de1617872ffd', 'Product Management', (select UID from Universidade where name = 'University of the Humanities'));
insert into Curso (CID, name, UID) values ('ebc83342-82d1-4013-9f51-bb705392f374', 'Human Resources', (select UID from Universidade where name = 'University of the Humanities'));
insert into Curso (CID, name, UID) values ('3ddd05a2-b5df-4328-bb0c-8cfc2b1f8a96', 'Research and Development', (select UID from Universidade where name = 'University of the Humanities'));
insert into Curso (CID, name, UID) values ('93e0f010-eafd-49f6-b64b-7e551e6d387d', 'Product Management', (select UID from Universidade where name = 'University of the Humanities'));
insert into Curso (CID, name, UID) values ('2020639e-6531-42e0-8576-501096ae0103', 'Marketing', (select UID from Universidade where name = 'University of the Humanities'));
insert into Curso (CID, name, UID) values ('276e2de7-1314-43ff-b04b-c5fae1992934', 'Accounting', (select UID from Universidade where name = 'University of the Humanities'));
insert into Curso (CID, name, UID) values ('75bf12ba-9e79-45d5-a556-5b0bee1d057e', 'Sales', (select UID from Universidade where name = 'University of the Humanities'));
insert into Curso (CID, name, UID) values ('dc06894e-4a7c-4453-8967-960e2e95179e', 'Business Development', (select UID from Universidade where name = 'University of the Humanities'));
insert into Curso (CID, name, UID) values ('17813468-286a-4169-9716-5a50583b3dc1', 'Training', (select UID from Universidade where name = 'University of the Humanities'));
insert into Curso (CID, name, UID) values ('4c2a939b-66b4-4c7d-9113-f4d07ae40bd7', 'Sales', (select UID from Universidade where name = 'University of the Humanities'));
insert into Curso (CID, name, UID) values ('c5484129-5a95-4763-8f91-3183f81b3e40', 'Research and Development', (select UID from Universidade where name = 'University of the Humanities'));
insert into Curso (CID, name, UID) values ('20b3a46b-5f9e-4ae0-bb2e-6299c890c09e', 'Engineering', (select UID from Universidade where name = 'University of the Humanities'));
insert into Curso (CID, name, UID) values ('03f0ac7a-611c-49f5-bb54-4d16967e8d75', 'Support', (select UID from Universidade where name = 'University of the Humanities'));
insert into Curso (CID, name, UID) values ('3a1ae1d3-32e1-4e25-9381-21857165ef37', 'Engineering', (select UID from Universidade where name = 'University of the Humanities'));
insert into Curso (CID, name, UID) values ('630e71ac-00b3-49b7-8cbe-9f52c50add6b', 'Business Development', (select UID from Universidade where name = 'University of the Humanities'));
insert into Curso (CID, name, UID) values ('d21c318f-0f2c-4783-9076-b99364ded61e', 'Engineering', (select UID from Universidade where name = 'University of the Humanities'));
insert into Curso (CID, name, UID) values ('53f31b9e-6b8f-445d-b196-0bd38b4eaf60', 'Engineering', (select UID from Universidade where name = 'University of the Humanities'));
insert into Curso (CID, name, UID) values ('6505326c-3de5-4618-ba27-76e3d013d848', 'Human Resources', (select UID from Universidade where name = 'University of the Humanities'));
insert into Curso (CID, name, UID) values ('dd45d81b-1ece-4515-89c7-95632a20c050', 'Support', (select UID from Universidade where name = 'University of the Humanities'));
insert into Curso (CID, name, UID) values ('d71305a7-5c91-433e-b771-c15dd57f7206', 'Support', (select UID from Universidade where name = 'University of the Humanities'));
insert into Curso (CID, name, UID) values ('0a8a72a7-68f0-4480-a555-593a334a87de', 'Training', (select UID from Universidade where name = 'University of the Humanities'));
insert into Curso (CID, name, UID) values ('ab4eddd2-ecf1-44fb-91dd-53324a51a398', 'Marketing', (select UID from Universidade where name = 'University of the Humanities'));
insert into Curso (CID, name, UID) values ('b0ec373b-84df-45c8-a9f0-49d873406b43', 'Engineering', (select UID from Universidade where name = 'University of the Humanities'));
insert into Curso (CID, name, UID) values ('344a7f7b-a084-414a-aacb-3a8fc3f1b183', 'Research and Development', (select UID from Universidade where name = 'University of the Humanities'));
insert into Curso (CID, name, UID) values ('79f0bc2c-0440-4be0-8201-55f956cdbbe5', 'Legal', (select UID from Universidade where name = 'University of the Humanities'));
insert into Curso (CID, name, UID) values ('2702b0c5-03ed-423c-9c4b-adc6ff9be756', 'Support', (select UID from Universidade where name = 'University of the Humanities'));
insert into Curso (CID, name, UID) values ('72d833ef-28e6-497d-b019-e9c338b08109', 'Business Development', (select UID from Universidade where name = 'University of the Humanities'));
insert into Curso (CID, name, UID) values ('635b71de-fc1b-4cc4-a823-6b13f335af71', 'Sales', (select UID from Universidade where name = 'University of the Humanities'));
insert into Curso (CID, name, UID) values ('8f97d2fd-8847-4d18-81b4-2885e1121512', 'Accounting', (select UID from Universidade where name = 'University of the Humanities'));
insert into Curso (CID, name, UID) values ('48b1f255-de12-4a28-9682-8419c4a2d7e6', 'Training', (select UID from Universidade where name = 'University of the Humanities'));
insert into Curso (CID, name, UID) values ('710733d7-f69a-4d8b-8cd2-3adcafb4fdd6', 'Engineering', (select UID from Universidade where name = 'University of the Humanities'));
insert into Curso (CID, name, UID) values ('c6b6d403-48e0-410f-ad53-aa3055ce2a2b', 'Product Management', (select UID from Universidade where name = 'University of the Humanities'));
insert into Curso (CID, name, UID) values ('95f4b555-8b6e-40d0-9e0a-13e08e73b87a', 'Sales', (select UID from Universidade where name = 'University of the Humanities'));
insert into Curso (CID, name, UID) values ('4b2bc0d2-8d1b-494b-b7bb-adc543e63ba3', 'Accounting', (select UID from Universidade where name = 'University of the Humanities'));
insert into Curso (CID, name, UID) values ('d22a3588-ac5a-4ad0-9f8c-f69e5de7ed7e', 'Engineering', (select UID from Universidade where name = 'University of the Humanities'));
insert into Curso (CID, name, UID) values ('20cc3e0f-359e-4b55-9429-32dc02f1c948', 'Product Management', (select UID from Universidade where name = 'University of the Humanities'));
insert into Curso (CID, name, UID) values ('0d964703-ee69-4258-9061-c7f7b88f5fb2', 'Training', (select UID from Universidade where name = 'University of the Humanities'));
insert into Curso (CID, name, UID) values ('e22ebdd5-3b2f-4eb8-83fe-ecd531035d79', 'Support', (select UID from Universidade where name = 'University of the Humanities'));
insert into Curso (CID, name, UID) values ('a3b30f55-a6c2-416e-9bef-d744299380fc', 'Services', (select UID from Universidade where name = 'University of the Humanities'));
insert into Curso (CID, name, UID) values ('4563fcf7-5872-4fb5-8b3d-abcc29bb8cca', 'Legal', (select UID from Universidade where name = 'University of the Humanities'));
insert into Curso (CID, name, UID) values ('86bd510f-a9b2-4f35-858b-509ac43e333f', 'Engineering', (select UID from Universidade where name = 'University of the Humanities'));
insert into Curso (CID, name, UID) values ('4f7291dd-998c-4f6c-acc2-816ac394e8d8', 'Accounting', (select UID from Universidade where name = 'University of the Humanities'));
insert into Curso (CID, name, UID) values ('e6bc0f2f-f1cb-4c69-a6ec-becc0ae084ef', 'Sales', (select UID from Universidade where name = 'University of the Humanities'));
insert into Curso (CID, name, UID) values ('1e93ad95-546e-40a7-b936-df5894e3e0b9', 'Accounting', (select UID from Universidade where name = 'University of the Humanities'));
insert into Curso (CID, name, UID) values ('b2edc5f6-d09e-4a85-9059-e8f68af5282b', 'Sales', (select UID from Universidade where name = 'University of the Humanities'));


insert into UnidadeCurricular (UCID, name, CID) values ('6f3f601f-1ef6-42c6-b567-7d16a5dfe261', 'Analog Circuit Design manager', (select CID from Curso where name = 'Sales'));
insert into UnidadeCurricular (UCID, name, CID) values ('6b7092e8-eeea-40dc-a83e-2fa70e0ed9fb', 'Nurse Practicioner', (select CID from Curso where name = 'Sales'));
insert into UnidadeCurricular (UCID, name, CID) values ('1aa08d99-d15f-488c-9d32-773214856e1c', 'Assistant Professor', (select CID from Curso where name = 'Sales'));
insert into UnidadeCurricular (UCID, name, CID) values ('a604a5dd-8a94-4f2c-9a8e-384bc4d8c19c', 'Analog Circuit Design manager', (select CID from Curso where name = 'Sales'));
insert into UnidadeCurricular (UCID, name, CID) values ('9ed4843f-6f3e-4d7c-8302-46135c18f733', 'Help Desk Technician', (select CID from Curso where name = 'Sales'));
insert into UnidadeCurricular (UCID, name, CID) values ('826ac2d6-51ea-49a9-9ccb-c7cd143861fe', 'Payment Adjustment Coordinator', (select CID from Curso where name = 'Sales'));
insert into UnidadeCurricular (UCID, name, CID) values ('6a9b931b-a018-4ce3-bf8e-0d944f69b9d6', 'Operator', (select CID from Curso where name = 'Sales'));
insert into UnidadeCurricular (UCID, name, CID) values ('e9ea6f63-3c0b-4c8a-9ecd-128140ad39da', 'Human Resources Manager', (select CID from Curso where name = 'Sales'));
insert into UnidadeCurricular (UCID, name, CID) values ('ba149df3-fa1e-43f0-8321-d5a58f03e347', 'Teacher', (select CID from Curso where name = 'Sales'));
insert into UnidadeCurricular (UCID, name, CID) values ('ba4abebc-96f0-48da-b327-80455267702f', 'Administrative Assistant III', (select CID from Curso where name = 'Sales'));
insert into UnidadeCurricular (UCID, name, CID) values ('a9fd1af2-a8c9-4003-a8c7-cf45e169afaf', 'Occupational Therapist', (select CID from Curso where name = 'Sales'));
insert into UnidadeCurricular (UCID, name, CID) values ('63944095-18d6-41aa-8fcf-9d081e323bb4', 'Cost Accountant', (select CID from Curso where name = 'Sales'));
insert into UnidadeCurricular (UCID, name, CID) values ('b4ccbbd2-78f1-456f-8d11-c06ad658fa28', 'Geologist I', (select CID from Curso where name = 'Sales'));
insert into UnidadeCurricular (UCID, name, CID) values ('14e727db-78ee-4206-a23b-5a4709773d40', 'Structural Engineer', (select CID from Curso where name = 'Sales'));
insert into UnidadeCurricular (UCID, name, CID) values ('b3526f46-fcc6-4fde-9a00-4c36c8dea5bb', 'Developer III', (select CID from Curso where name = 'Sales'));
insert into UnidadeCurricular (UCID, name, CID) values ('e49ee460-f5ad-4c5f-bcf1-e5e424a77a04', 'Speech Pathologist', (select CID from Curso where name = 'Sales'));
insert into UnidadeCurricular (UCID, name, CID) values ('7dc7802f-1563-41d3-ac63-81d1fa5afac2', 'Help Desk Operator', (select CID from Curso where name = 'Sales'));
insert into UnidadeCurricular (UCID, name, CID) values ('fcae426e-8ba2-45db-ae62-df1d66c37f97', 'Operator', (select CID from Curso where name = 'Sales'));
insert into UnidadeCurricular (UCID, name, CID) values ('35e24e84-5a4e-451d-b24f-9a6e5a72fc7f', 'Marketing Manager', (select CID from Curso where name = 'Sales'));
insert into UnidadeCurricular (UCID, name, CID) values ('5298a8fe-8299-469e-9b19-6f01e3d4de50', 'General Manager', (select CID from Curso where name = 'Sales'));
insert into UnidadeCurricular (UCID, name, CID) values ('c7e0e662-b4a4-407e-b840-da383af5802a', 'VP Marketing', (select CID from Curso where name = 'Sales'));
insert into UnidadeCurricular (UCID, name, CID) values ('cb9fa4e5-001c-4733-9974-69347f501512', 'Associate Professor', (select CID from Curso where name = 'Sales'));
insert into UnidadeCurricular (UCID, name, CID) values ('e6269936-78f2-4115-a161-882dd1029a3a', 'Senior Sales Associate', (select CID from Curso where name = 'Sales'));
insert into UnidadeCurricular (UCID, name, CID) values ('ee47a194-4ca2-4a09-a340-77c7ca1e0f8a', 'Project Manager', (select CID from Curso where name = 'Sales'));
insert into UnidadeCurricular (UCID, name, CID) values ('c961c454-690a-4137-a9b8-6a29af9c97c7', 'Social Worker', (select CID from Curso where name = 'Sales'));
insert into UnidadeCurricular (UCID, name, CID) values ('90721ac8-8d8b-45f9-865a-459eed854eba', 'VP Sales', (select CID from Curso where name = 'Sales'));
insert into UnidadeCurricular (UCID, name, CID) values ('2f9589e6-71f0-4693-9620-dbfc74922cd7', 'Health Coach II', (select CID from Curso where name = 'Sales'));
insert into UnidadeCurricular (UCID, name, CID) values ('eb01ee18-f0ed-405b-b180-c0d79a619dd7', 'Pharmacist', (select CID from Curso where name = 'Sales'));
insert into UnidadeCurricular (UCID, name, CID) values ('0c654e01-bc77-4f86-8cdc-d91b15266935', 'Data, descricaobase Administrator II', (select CID from Curso where name = 'Sales'));
insert into UnidadeCurricular (UCID, name, CID) values ('fa7592c8-099e-47e3-8706-5d08d7e6f176', 'Research Assistant II', (select CID from Curso where name = 'Sales'));
insert into UnidadeCurricular (UCID, name, CID) values ('980f9e69-5cde-4d45-bd46-9fa16ceab91c', 'Legal Assistant', (select CID from Curso where name = 'Sales'));
insert into UnidadeCurricular (UCID, name, CID) values ('97dc9c4e-9ecd-495a-b883-d782075dffea', 'Geological Engineer', (select CID from Curso where name = 'Sales'));
insert into UnidadeCurricular (UCID, name, CID) values ('448cbc6c-9ff8-400b-bcff-9fe7cb5e26ee', 'Assistant Professor', (select CID from Curso where name = 'Sales'));
insert into UnidadeCurricular (UCID, name, CID) values ('00a9ef65-b8ec-4080-acc0-e2e883d5873f', 'Legal Assistant', (select CID from Curso where name = 'Sales'));
insert into UnidadeCurricular (UCID, name, CID) values ('615bb61c-1a02-41b0-952b-a936707c744b', 'Design Engineer', (select CID from Curso where name = 'Sales'));
insert into UnidadeCurricular (UCID, name, CID) values ('25ea3f79-4047-426f-97df-55a2129ce6f9', 'Business Systems Development Analyst', (select CID from Curso where name = 'Sales'));
insert into UnidadeCurricular (UCID, name, CID) values ('2a53cd45-66fb-4a27-8152-c5410895923f', 'Physical Therapy Assistant', (select CID from Curso where name = 'Sales'));
insert into UnidadeCurricular (UCID, name, CID) values ('2f87da4f-6c1b-418e-85a1-7e958da3fa17', 'Graphic Designer', (select CID from Curso where name = 'Sales'));
insert into UnidadeCurricular (UCID, name, CID) values ('c96720fb-1995-417f-b533-57d257f26b52', 'Director of Sales', (select CID from Curso where name = 'Sales'));
insert into UnidadeCurricular (UCID, name, CID) values ('44190c92-df45-48cf-9541-e7d61e781e7a', 'Analyst Programmer', (select CID from Curso where name = 'Sales'));
insert into UnidadeCurricular (UCID, name, CID) values ('cb3be0cc-6b2e-47fa-ab22-0990cfcaf86d', 'VP Sales', (select CID from Curso where name = 'Sales'));
insert into UnidadeCurricular (UCID, name, CID) values ('88350a3c-2176-4651-b835-d7dbd9f15c86', 'Environmental Tech', (select CID from Curso where name = 'Sales'));
insert into UnidadeCurricular (UCID, name, CID) values ('470281ba-aa8e-4a8a-a093-d28ef8a2718e', 'Human Resources Assistant III', (select CID from Curso where name = 'Sales'));
insert into UnidadeCurricular (UCID, name, CID) values ('3a6fb7f3-a9d1-4130-aefb-b8e6a5704e98', 'Financial Analyst', (select CID from Curso where name = 'Sales'));
insert into UnidadeCurricular (UCID, name, CID) values ('8003464b-1698-4783-b4d8-5b892dc7eb74', 'GIS Technical Architect', (select CID from Curso where name = 'Sales'));
insert into UnidadeCurricular (UCID, name, CID) values ('1963ad0f-9ced-4056-8ed2-149ec7e431c9', 'Tax Accountant', (select CID from Curso where name = 'Sales'));
insert into UnidadeCurricular (UCID, name, CID) values ('8acc517a-57da-4e47-abbe-1a02edc1163c', 'Actuary', (select CID from Curso where name = 'Sales'));
insert into UnidadeCurricular (UCID, name, CID) values ('b09d5b8f-47cb-4185-9163-ea50cf03b316', 'Occupational Therapist', (select CID from Curso where name = 'Sales'));
insert into UnidadeCurricular (UCID, name, CID) values ('16e78d6d-bba2-4c46-8912-613815a0a8ad', 'Accountant IV', (select CID from Curso where name = 'Sales'));
insert into UnidadeCurricular (UCID, name, CID) values ('879d4a87-f3b2-4a67-98bf-9840b29f8645', 'Environmental Specialist', (select CID from Curso where name = 'Sales'));
insert into UnidadeCurricular (UCID, name, CID) values ('3b87de4e-2662-4bf5-8535-3defed6f375b', 'Health Coach III', (select CID from Curso where name = 'Sales'));
insert into UnidadeCurricular (UCID, name, CID) values ('df0e9582-82f2-4be7-b469-e5937e99ba20', 'Recruiter', (select CID from Curso where name = 'Sales'));
insert into UnidadeCurricular (UCID, name, CID) values ('f939bb86-31fd-4619-8b4b-521d27b12c9e', 'Operator', (select CID from Curso where name = 'Sales'));
insert into UnidadeCurricular (UCID, name, CID) values ('daa6cb61-f59b-428c-98a5-71c672d54d6c', 'Nurse Practicioner', (select CID from Curso where name = 'Sales'));
insert into UnidadeCurricular (UCID, name, CID) values ('268283a5-84a7-437a-a676-2bf470cb5770', 'Computer Systems Analyst IV', (select CID from Curso where name = 'Sales'));
insert into UnidadeCurricular (UCID, name, CID) values ('2ba7834d-c2b6-4ce5-8b46-1c187a4c2196', 'Clinical Specialist', (select CID from Curso where name = 'Sales'));
insert into UnidadeCurricular (UCID, name, CID) values ('5fbfb212-401d-4d36-9d25-111383360215', 'Community Outreach Specialist', (select CID from Curso where name = 'Sales'));
insert into UnidadeCurricular (UCID, name, CID) values ('727add56-2c4a-42eb-bb64-75d45f528325', 'Staff Scientist', (select CID from Curso where name = 'Sales'));
insert into UnidadeCurricular (UCID, name, CID) values ('b8069eba-33a9-470d-9925-cdb3ecc98864', 'Analog Circuit Design manager', (select CID from Curso where name = 'Sales'));
insert into UnidadeCurricular (UCID, name, CID) values ('1fc1fff0-3b8c-4dea-acc1-be7bbd9e5caa', 'Chief Design Engineer', (select CID from Curso where name = 'Sales'));
insert into UnidadeCurricular (UCID, name, CID) values ('0a769526-747d-4c41-809c-a23d3ec21c65', 'Developer II', (select CID from Curso where name = 'Sales'));
insert into UnidadeCurricular (UCID, name, CID) values ('15fa06bd-0b5d-471c-a414-69037544aee0', 'Accountant II', (select CID from Curso where name = 'Sales'));
insert into UnidadeCurricular (UCID, name, CID) values ('268ffa0c-444f-49e9-8237-5b3859bc8f35', 'Structural Analysis Engineer', (select CID from Curso where name = 'Sales'));
insert into UnidadeCurricular (UCID, name, CID) values ('4c9d9c1a-4d85-49ef-833f-6ce86a46ea27', 'Assistant Professor', (select CID from Curso where name = 'Sales'));
insert into UnidadeCurricular (UCID, name, CID) values ('77991931-6002-4dce-b9ef-6fc64fad64a8', 'Research Assistant III', (select CID from Curso where name = 'Sales'));
insert into UnidadeCurricular (UCID, name, CID) values ('3ce7d9e2-8f54-4936-8fd2-9c602b5ed12c', 'Community Outreach Specialist', (select CID from Curso where name = 'Sales'));
insert into UnidadeCurricular (UCID, name, CID) values ('2149d82b-bd11-4039-b0ec-0ef35b9dbd85', 'Nurse Practicioner', (select CID from Curso where name = 'Sales'));
insert into UnidadeCurricular (UCID, name, CID) values ('2f11bf14-14f6-40fe-b565-7b75f598e708', 'Marketing Assistant', (select CID from Curso where name = 'Sales'));
insert into UnidadeCurricular (UCID, name, CID) values ('a120154c-eb82-49da-9bf8-a22b32ea66bc', 'Computer Systems Analyst II', (select CID from Curso where name = 'Sales'));
insert into UnidadeCurricular (UCID, name, CID) values ('bc9ecd43-8ed8-47a3-bb20-5e04acb0b0af', 'Paralegal', (select CID from Curso where name = 'Sales'));
insert into UnidadeCurricular (UCID, name, CID) values ('f4e9886e-2b42-426b-8b6a-8f4a385c4b86', 'Staff Accountant I', (select CID from Curso where name = 'Sales'));
insert into UnidadeCurricular (UCID, name, CID) values ('3e2ed7c2-e8b3-4dcf-8bee-2797f32839c5', 'Senior Financial Analyst', (select CID from Curso where name = 'Sales'));
insert into UnidadeCurricular (UCID, name, CID) values ('8173692a-4a2f-44d0-bbe5-b801fe1d8aea', 'Operator', (select CID from Curso where name = 'Sales'));
insert into UnidadeCurricular (UCID, name, CID) values ('c40a15a3-fb33-47b9-91e7-a9c2d08f2331', 'Chemical Engineer', (select CID from Curso where name = 'Sales'));
insert into UnidadeCurricular (UCID, name, CID) values ('5cdc1443-abff-49f0-9e3c-d2e0db662305', 'Geologist II', (select CID from Curso where name = 'Sales'));
insert into UnidadeCurricular (UCID, name, CID) values ('1538d20c-4c20-460e-ab70-f69eedc99ea9', 'GIS Technical Architect', (select CID from Curso where name = 'Sales'));
insert into UnidadeCurricular (UCID, name, CID) values ('b85b70e0-85a3-496c-9e97-b47b158aa165', 'VP Accounting', (select CID from Curso where name = 'Sales'));
insert into UnidadeCurricular (UCID, name, CID) values ('19e0f54b-0282-42fe-afc2-3ddd94332efd', 'Senior Quality Engineer', (select CID from Curso where name = 'Sales'));
insert into UnidadeCurricular (UCID, name, CID) values ('b956da44-6566-44c4-af6d-219379b3f893', 'Junior Executive', (select CID from Curso where name = 'Sales'));
insert into UnidadeCurricular (UCID, name, CID) values ('32becd65-d610-492a-823f-95f9d072051e', 'Account Executive', (select CID from Curso where name = 'Sales'));
insert into UnidadeCurricular (UCID, name, CID) values ('cf60456c-a464-48d4-973d-245dee258f4a', 'Food Chemist', (select CID from Curso where name = 'Sales'));
insert into UnidadeCurricular (UCID, name, CID) values ('bcb8e453-9ab6-4af4-8d08-cd5effec6ed7', 'Help Desk Operator', (select CID from Curso where name = 'Sales'));
insert into UnidadeCurricular (UCID, name, CID) values ('3c304870-3014-40bc-bb42-b5596ca895b1', 'Information Systems Manager', (select CID from Curso where name = 'Sales'));
insert into UnidadeCurricular (UCID, name, CID) values ('caec8c31-cbfc-4ddc-825b-74531e2f4e91', 'Quality Control Specialist', (select CID from Curso where name = 'Sales'));
insert into UnidadeCurricular (UCID, name, CID) values ('e0a5d7d3-b373-4e70-a32b-f0dbb463e4e1', 'Speech Pathologist', (select CID from Curso where name = 'Sales'));
insert into UnidadeCurricular (UCID, name, CID) values ('cdd21ff2-b2df-400f-9c9e-c322c280a4f1', 'Accounting Assistant IV', (select CID from Curso where name = 'Sales'));
insert into UnidadeCurricular (UCID, name, CID) values ('1b8769d0-2531-49aa-9b70-ad9f5dc5c13e', 'Account Coordinator', (select CID from Curso where name = 'Sales'));
insert into UnidadeCurricular (UCID, name, CID) values ('c9078a5b-f13e-43a0-80e2-d409809653a9', 'Senior Quality Engineer', (select CID from Curso where name = 'Sales'));
insert into UnidadeCurricular (UCID, name, CID) values ('8d0007b0-79cc-4578-acc7-310b1ad0bf8f', 'Information Systems Manager', (select CID from Curso where name = 'Sales'));
insert into UnidadeCurricular (UCID, name, CID) values ('2ae49b93-3795-425c-a152-169465d65b56', 'Health Coach I', (select CID from Curso where name = 'Sales'));
insert into UnidadeCurricular (UCID, name, CID) values ('2a6dc6be-0974-45e1-8856-64ddfd972061', 'Nurse', (select CID from Curso where name = 'Sales'));
insert into UnidadeCurricular (UCID, name, CID) values ('1c219edd-e101-478d-9a01-4cf576c0b6de', 'Operator', (select CID from Curso where name = 'Sales'));
insert into UnidadeCurricular (UCID, name, CID) values ('99492d03-0efb-445c-a7f6-20fef5217cf6', 'Human Resources Manager', (select CID from Curso where name = 'Sales'));
insert into UnidadeCurricular (UCID, name, CID) values ('1ec09a0a-2d99-43e9-ae21-95c81ebf61d0', 'Computer Systems Analyst III', (select CID from Curso where name = 'Sales'));
insert into UnidadeCurricular (UCID, name, CID) values ('c887ddc3-3d26-45a8-b943-a31b6bdcd390', 'Staff Accountant IV', (select CID from Curso where name = 'Sales'));
insert into UnidadeCurricular (UCID, name, CID) values ('31e8e36d-cb55-4ee6-b678-6eb2c20f1557', 'Research Assistant IV', (select CID from Curso where name = 'Sales'));
insert into UnidadeCurricular (UCID, name, CID) values ('14f8f4b4-c47c-43f8-8cbd-0eba86f530d3', 'Staff Accountant II', (select CID from Curso where name = 'Sales'));
insert into UnidadeCurricular (UCID, name, CID) values ('d14ce628-cf9e-4d49-a27d-dc1472a05524', 'Analyst Programmer', (select CID from Curso where name = 'Sales'));
insert into UnidadeCurricular (UCID, name, CID) values ('c3aedab2-b785-4283-ac9b-1a73207d9c36', 'Design Engineer', (select CID from Curso where name = 'Sales'));
insert into UnidadeCurricular (UCID, name, CID) values ('08ea9382-4b58-4083-a994-7feb1864e921', 'Dental Hygienist', (select CID from Curso where name = 'Sales'));



insert into Exame(EID, duracao, Data, Password, boolInstantEnd) values ('Accb5sa3-43df-41e7-9a12-l1c46528a7e1', 60, '2017-05-25', 'hR6WPnGXa', 'TRUE');
insert into Pergunta (descricao, ID, cotacao,EID) values ('A seguinte sequência de instruções está em memória a partir do endereço 0x00000014. bne $t0, $zero, segue; lw $t1, 0($a0); segue: add $t2, $t2, $t1 . Relativamente à instrução bne, determine o valor decimal dos sinais Read data 2 e entrada 1do Mux controlado por PCSrc. Estes valore são úteis para a execução da instrução?', 'b18324a2-8164-46ce-869d-ff400f2s99c2', 20, 'Accb5sa3-43df-41e7-9a12-l1c46528a7e1');
insert into Desenvolvimento(ID) values('b18324a2-8164-46ce-869d-ff400f2s99c2');
insert into Resposta (RID, cotacao, descricao, Data, ID) values ('92', 10, 'O sinal Read data 2 tem o valor do registo identificado pelos bits [20:16] do código da instrução bne. Como se trata do registo $zero, o seu valor é 0. A entrada 1 do Mux controlado por PCSrc corresponde ao endereço da instrução add (a executar se $t0 =6 $zero). O valor deste sinal resulta da adição do endereço da instrução seguinte (lw) com 4 vezes o número de instruções a avançar para chegar à instrução com etiqueta segue.Sabendo que o endereço de bne é 20, o valor que assim resulta é (20 + 4) + 4 × 1 = 28. Read data 2 é utilizado na comparação do conteúdo dos registos declarados na instrução. A entrada 1 do Mux controlado por PCSrc também é utilizada, definindo o endereço da próxima instrução quando o salto é tomado', '10:43 AM','b18324a2-8164-46ce-869d-ff400f2s99c2');
insert into AlunoResposta (SID, RID) values((select SID from Aluno where name = 'Wayne Warren'), '92');

insert into Exame ( EID, duracao, Data, Password, boolInstantEnd) values ('Accb5sa3-43ah-41e7-9a12-l1c46528a7e1', 60, '2017-05-28', 'hR6WprGXa', 'FALSE');
insert into Pergunta (descricao, ID, cotacao,EID) values ('A seguinte sequência de instruções está em memória a partir do endereço 0x00000014. bne $t0, $zero, segue; lw $t1, 0($a0); segue: add $t2, $t2, $t1 . Relativamente à instrução bne, determine o valor decimal dos sinais Read data 2 e entrada 1do Mux controlado por PCSrc. Estes valore são úteis para a execução da instrução?', 'b18324a2-8164-46ce-8695-ff400f2s99c2', 20, 'Accb5sa3-43ah-41e7-9a12-l1c46528a7e1');
insert into Desenvolvimento(ID) values('b18324a2-8164-46ce-8695-ff400f2s99c2');
insert into Resposta (RID, cotacao, descricao, Data, ID) values ('3', 10, 'O sinal Read data 2 tem o valor do registo identificado pelos bits [20:16] do código da instrução bne. Como se trata do registo $zero, o seu valor é 0. A entrada 1 do Mux controlado por PCSrc corresponde ao endereço da instrução add (a executar se $t0 =6 $zero). O valor deste sinal resulta da adição do endereço da instrução seguinte (lw) com 4 vezes o número de instruções a avançar para chegar à instrução com etiqueta segue.Sabendo que o endereço de bne é 20, o valor que assim resulta é (20 + 4) + 4 × 1 = 28. Read data 2 é utilizado na comparação do conteúdo dos registos declarados na instrução. A entrada 1 do Mux controlado por PCSrc também é utilizada, definindo o endereço da próxima instrução quando o salto é tomado', '10:43 AM','b18324a2-8164-46ce-8695-ff400f2s99c2');
insert into AlunoResposta (SID, RID) values((select SID from Aluno where name = 'Wayne Warren'), '3');


insert into Pergunta (descricao, ID, cotacao,EID) values ('A seguinte sequência de instruções está em memória a partir do endereço 0x00000014. bne $t0, $zero, segue; lw $t1, 0($a0); segue: add $t2, $t2, $t1 . Relativamente à instrução bne, determine o valor decimal dos sinais Read data 2 e entrada 1do Mux controlado por PCSrc. Estes valore são úteis para a execução da instrução?', 'b18324a2-8164-46de-8695-ff400f2s99c2', 20, 'Accb5sa3-43ah-41e7-9a12-l1c46528a7e1');
insert into Desenvolvimento(ID) values('b18324a2-8164-46de-8695-ff400f2s99c2');


insert into Pergunta (descricao, ID, cotacao,EID) values ('A seguinte sequência de instruções está em memória a partir do endereço 0x00000014. bne $t0, $zero, segue; lw $t1, 0($a0); segue: add $t2, $t2, $t1 . Relativamente à instrução bne, determine o valor decimal dos sinais Read data 2 e entrada 1do Mux controlado por PCSrc. Estes valore são úteis para a execução da instrução?', 'b14594q2-1456-46jk-8695-ff412g2a11c2', 2.5, 'Accb5sa3-43ah-41e7-9a12-l1c46528a7e1');
insert into Desenvolvimento(ID) values('b14594q2-1456-46jk-8695-ff412g2a11c2');
insert into Resposta (RID, cotacao, descricao, Data, ID) values ('4', 2.5, 'O sinal Read data 2 tem o valor do registo identificado pelos bits [20:16] do código da instrução bne. Como se trata do registo $zero, o seu valor é 0. A entrada 1 do Mux controlado por PCSrc corresponde ao endereço da instrução add (a executar se $t0 =6 $zero). O valor deste sinal resulta da adição do endereço da instrução seguinte (lw) com 4 vezes o número de instruções a avançar para chegar à instrução com etiqueta segue.Sabendo que o endereço de bne é 20, o valor que assim resulta é (20 + 4) + 4 × 1 = 28. Read data 2 é utilizado na comparação do conteúdo dos registos declarados na instrução. A entrada 1 do Mux controlado por PCSrc também é utilizada, definindo o endereço da próxima instrução quando o salto é tomado', '10:43 AM','b14594q2-1456-46jk-8695-ff412g2a11c2');
insert into AlunoResposta (SID, RID) values((select SID from Aluno where name = 'Wayne Warren'), '4');

insert into Resposta (RID, cotacao, descricao, Data, ID) values ('5', 2.5, 'O sinal Read data 2 tem o valor do registo identificado pelos bits [20:16] do código da instrução bne. Como se trata do registo $zero, o seu valor é 0. A entrada 1 do Mux controlado por PCSrc corresponde ao endereço da instrução add (a executar se $t0 =6 $zero). O valor deste sinal resulta da adição do endereço da instrução seguinte (lw) com 4 vezes o número de instruções a avançar para chegar à instrução com etiqueta segue.Sabendo que o endereço de bne é 20, o valor que assim resulta é (20 + 4) + 4 × 1 = 28. Read data 2 é utilizado na comparação do conteúdo dos registos declarados na instrução. A entrada 1 do Mux controlado por PCSrc também é utilizada, definindo o endereço da próxima instrução quando o salto é tomado', '10:43 AM','b14594q2-1456-46jk-8695-ff412g2a11c2');
insert into AlunoResposta (SID, RID) values((select SID from Aluno where name = 'Angela Long'), '5');


insert into Pergunta (descricao, ID, cotacao ,EID) values ('Represente o número decimal -129 em complemento para 2 com 8 bits.', 'me759dgg-62be-4e11-9638-b142l37k742b', 2.5, 'Accb5sa3-43ah-41e7-9a12-l1c46528a7e1');
insert into EscolhaMultipla(ID, boolCheckBox, desconto) values('me759dgg-62be-4e11-9638-b142l37k742b', 'FALSE',-1);
insert into Opcao (OID, descricao, boolCorreta, ID) values ('77', '100000012', 'FALSE',  'me759dgg-62be-4e11-9638-b142l37k742b');
insert into Opcao (OID, descricao, boolCorreta, ID) values ('78', 'Não é possível representar', 'TRUE', 'me759dgg-62be-4e11-9638-b142l37k742b');
insert into Opcao (OID, descricao, boolCorreta, ID) values ('79', '111111112', 'FALSE', 'me759dgg-62be-4e11-9638-b142l37k742b');
insert into Opcao (OID, descricao, boolCorreta, ID) values ('80', '100000002', 'FALSE', 'me759dgg-62be-4e11-9638-b142l37k742b');
insert into AlunoOpcao (SID, OID) values ((select SID from Aluno where name = 'Wayne Warren') , '78'); --Certa
insert into AlunoOpcao (SID, OID) values ((select SID from Aluno where name = 'Angela Long') , '78'); --Certa

insert into Pergunta (descricao, ID, cotacao,EID) values ('A seguinte sequência de instruções está em memória a partir do endereço 0x00000014. bne $t0, $zero, segue; lw $t1, 0($a0); segue: add $t2, $t2, $t1 . Complete a tabela seguinte com o valor dos sinais de controlo para a execução da instrução lw.', '7d045935-28Kc-4c91-9a8c-536c0c736827', 6.00, 'Accb5sa3-43ah-41e7-9a12-l1c46528a7e1');
insert into EscolhaMultipla(ID, boolCheckBox, desconto) values('7d045935-28Kc-4c91-9a8c-536c0c736827', 'TRUE',-1);
insert into Opcao (OID, descricao, boolCorreta, ID) values ('81', 'RegWrite = 1', 'TRUE', '7d045935-28Kc-4c91-9a8c-536c0c736827');
insert into Opcao (OID, descricao, boolCorreta, ID) values ('82', 'RegDst = 0', 'TRUE', '7d045935-28Kc-4c91-9a8c-536c0c736827');
insert into Opcao (OID, descricao, boolCorreta, ID) values ('83', 'RegDst = 1', 'FALSE', '7d045935-28Kc-4c91-9a8c-536c0c736827');
insert into Opcao (OID, descricao, boolCorreta, ID) values ('84', 'PCSrc = 0', 'TRUE', '7d045935-28Kc-4c91-9a8c-536c0c736827');
insert into Opcao (OID, descricao, boolCorreta, ID) values ('85', 'PCSrc = 1', 'FALSE', '7d045935-28Kc-4c91-9a8c-536c0c736827');
insert into Opcao (OID, descricao, boolCorreta, ID) values ('86', 'ALUSRC = 0', 'FALSE', '7d045935-28Kc-4c91-9a8c-536c0c736827');
insert into Opcao (OID, descricao, boolCorreta, ID) values ('87', 'ALUSRC = 0', 'TRUE', '7d045935-28Kc-4c91-9a8c-536c0c736827');
insert into Opcao (OID, descricao, boolCorreta, ID) values ('88', 'MemWrite = 1', 'FALSE', '7d045935-28Kc-4c91-9a8c-536c0c736827');
insert into Opcao (OID, descricao, boolCorreta, ID) values ('89', 'MemtoReg = 0', 'FALSE', '7d045935-28Kc-4c91-9a8c-536c0c736827');
insert into Opcao (OID, descricao, boolCorreta, ID) values ('90', 'MemtoReg = 1', 'TRUE', '7d045935-28Kc-4c91-9a8c-536c0c736827');
insert into Opcao (OID, descricao, boolCorreta, ID) values ('91', 'MemtoWrite = 0', 'TRUE', '7d045935-28Kc-4c91-9a8c-536c0c736827');
insert into AlunoOpcao(SID, OID) values ((select SID from Aluno where name = 'Wayne Warren'), '90'); --Certa
--insert into AlunoOpcao(SID, OID) values ((select SID from Aluno where name = 'Wayne Warren'), '83'); --Falsa




insert into Exame ( EID, duracao, Data, Password, boolInstantEnd) values ('bccb5ea3-63ab-41e7-9a12-c1b46528a7e6', 60, '2017-05-31', 'hR6WprGtY', 'FALSE');

insert into Pergunta (descricao, ID, cotacao ,EID) values ('Represente o número decimal -129 em complemento para 2 com 8 bits.', 'de829dff-62be-4e10-9638-b143e37d782b', 13.50, 'bccb5ea3-63ab-41e7-9a12-c1b46528a7e6');
insert into EscolhaMultipla(ID, boolCheckBox, desconto) values('de829dff-62be-4e10-9638-b143e37d782b', 'FALSE',-1);
insert into Opcao (OID, descricao, boolCorreta, ID) values ('1', '100000012', 'FALSE',  'de829dff-62be-4e10-9638-b143e37d782b');
insert into Opcao (OID, descricao, boolCorreta, ID) values ('2', 'Não é possível representar', 'TRUE', 'de829dff-62be-4e10-9638-b143e37d782b');
insert into Opcao (OID, descricao, boolCorreta, ID) values ('3', '111111112', 'FALSE', 'de829dff-62be-4e10-9638-b143e37d782b');
insert into Opcao (OID, descricao, boolCorreta, ID) values ('4', '100000002', 'FALSE', 'de829dff-62be-4e10-9638-b143e37d782b');
insert into AlunoOpcao(SID, OID) values ((select SID from Aluno where name = 'Martha Burke'), '2');
insert into AlunoOpcao(SID, OID) values ((select SID from Aluno where name = 'Ronald Banks'), '2');




insert into Pergunta (descricao, ID, cotacao,EID) values ('Considere os números X = 11110012 e Y = 01000012 com 7 bits. Assumindo que os números estão em complemento para 2, calcule X + Y.', '66be95d2-a8b1-488b-8441-ae068ce50c5b', 1.00, 'bccb5ea3-63ab-41e7-9a12-c1b46528a7e6');
insert into EscolhaMultipla(ID, boolCheckBox, desconto) values('66be95d2-a8b1-488b-8441-ae068ce50c5b', 'FALSE',-1);
insert into Opcao (OID, descricao, boolCorreta, ID) values ('5', '00110102', 'TRUE','66be95d2-a8b1-488b-8441-ae068ce50c5b');
insert into Opcao (OID, descricao, boolCorreta, ID) values ('6', '00110012', 'FALSE', '66be95d2-a8b1-488b-8441-ae068ce50c5b');
insert into Opcao (OID, descricao, boolCorreta, ID) values ('7', '100111012', 'FALSE','66be95d2-a8b1-488b-8441-ae068ce50c5b' );
insert into Opcao (OID, descricao, boolCorreta, ID) values ('8', '100110102', 'FALSE', '66be95d2-a8b1-488b-8441-ae068ce50c5b');
insert into AlunoOpcao(SID, OID) values ((select SID from Aluno where name = 'Ronald Banks'), '5');


insert into Pergunta (descricao, ID, cotacao,EID) values ('Considere os números W = 1DH e Z = 1AH. O valor de W − Z em binário é:','de821egg-62fe-4e10-6938-b443e37d912a' , 1.00, 'bccb5ea3-63ab-41e7-9a12-c1b46528a7e6');
insert into EscolhaMultipla(ID, boolCheckBox, desconto) values((select ID from Pergunta where descricao ='Considere os números W = 1DH e Z = 1AH. O valor de W − Z em binário é:'), 'FALSE',-1);
insert into Opcao (OID, descricao, boolCorreta, ID) values ('9', '12', 'FALSE', 'de821egg-62fe-4e10-6938-b443e37d912a');
insert into Opcao (OID, descricao, boolCorreta, ID) values ('10', '1112', 'FALSE', 'de821egg-62fe-4e10-6938-b443e37d912a');
insert into Opcao (OID, descricao, boolCorreta, ID) values ('11', '112', 'TRUE', 'de821egg-62fe-4e10-6938-b443e37d912a');
insert into Opcao (OID, descricao, boolCorreta, ID) values ('12', '1012', 'FALSE', 'de821egg-62fe-4e10-6938-b443e37d912a');
insert into AlunoOpcao(SID, OID) values ((select SID from Aluno where name = 'Martha Burke'), '11');


insert into Pergunta (descricao, ID, cotacao,EID) values ('Considere a representação em complemento para dois com 8 bits. O menor número que pode sersomado a 001011002 sem causar overflow é:', '3812ff1a-25ee-4578-a248-e80c6053b58c', 1.00, 'bccb5ea3-63ab-41e7-9a12-c1b46528a7e6');
insert into EscolhaMultipla(ID, boolCheckBox, desconto) values((select ID from Pergunta where descricao ='Considere a representação em complemento para dois com 8 bits. O menor número que pode sersomado a 001011002 sem causar overflow é:'), 'FALSE',-1);
insert into Opcao (OID, descricao, boolCorreta, ID) values ('13', '110101002', 'FALSE', '3812ff1a-25ee-4578-a248-e80c6053b58c');
insert into Opcao (OID, descricao, boolCorreta, ID) values ('14', '100000002', 'TRUE', '3812ff1a-25ee-4578-a248-e80c6053b58c');
insert into Opcao (OID, descricao, boolCorreta, ID) values ('15', '101011002', 'FALSE', '3812ff1a-25ee-4578-a248-e80c6053b58c');
insert into Opcao (OID, descricao, boolCorreta, ID) values ('16', '111111112', 'FALSE', '3812ff1a-25ee-4578-a248-e80c6053b58c');
insert into AlunoOpcao(SID, OID) values ((select SID from Aluno where name = 'Martha Burke'), '14');


insert into Pergunta (descricao, ID, cotacao,EID) values ('A função lógica F(A, B, C) = A·B + B·C + ~A·~C é equivalente a:', 'ff265690-acec-4f13-9d51-0bbbc61d242d', 1.00, 'bccb5ea3-63ab-41e7-9a12-c1b46528a7e6');
insert into EscolhaMultipla(ID, boolCheckBox, desconto) values((select ID from Pergunta where descricao ='A função lógica F(A, B, C) = A·B + B·C + ~A·~C é equivalente a:'), 'FALSE',-1);
insert into Opcao (OID, descricao, boolCorreta, ID) values ('17', 'H(A, B, C) = (~A + ~B)·(~B + ~C)·(A + C)', 'FALSE', 'ff265690-acec-4f13-9d51-0bbbc61d242d');
insert into Opcao (OID, descricao, boolCorreta, ID) values ('18', 'M(A, B, C) = (A + B + ~C)·(~A + B + ~C)·(~A + ~B + C)', 'FALSE', 'ff265690-acec-4f13-9d51-0bbbc61d242d');
insert into Opcao (OID, descricao, boolCorreta, ID) values ('19', 'G(A, B, C A, B, C A, B, C) = ( A + B + ~C)·(~A + B)', 'TRUE', 'ff265690-acec-4f13-9d51-0bbbc61d242d');
insert into Opcao (OID, descricao, boolCorreta, ID) values ('20', 'P(A, B, C) = ~(~A·~B + ~B·~C + A·C)', 'FALSE', 'ff265690-acec-4f13-9d51-0bbbc61d242d');



insert into Pergunta (descricao, ID, cotacao,EID) values ('Um parque de estacionamento tem 350 lugares. O sistema de hardware que controla as entradas guarda o número de lugares ocupados num registo com N bits. Qual é o menor valor possível de N?', '0ff0bbdd-0323-410e-aa33-66cdf9a77e67', 1.00, 'bccb5ea3-63ab-41e7-9a12-c1b46528a7e6');
insert into EscolhaMultipla(ID, boolCheckBox, desconto) values((select ID from Pergunta where descricao ='Um parque de estacionamento tem 350 lugares. O sistema de hardware que controla as entradas guarda o número de lugares ocupados num registo com N bits. Qual é o menor valor possível de N?'), 'FALSE',-1);
insert into Opcao (OID, descricao, boolCorreta, ID) values ('21', '8', 'FALSE', '0ff0bbdd-0323-410e-aa33-66cdf9a77e67');
insert into Opcao (OID, descricao, boolCorreta, ID) values ('22', '9', 'TRUE', '0ff0bbdd-0323-410e-aa33-66cdf9a77e67');
insert into Opcao (OID, descricao, boolCorreta, ID) values ('24', '11', 'FALSE', '0ff0bbdd-0323-410e-aa33-66cdf9a77e67');
insert into Opcao (OID, descricao, boolCorreta, ID) values ('25', '10', 'FALSE', '0ff0bbdd-0323-410e-aa33-66cdf9a77e67');



insert into Pergunta (descricao, ID, cotacao,EID) values ('A primeira posição de uma memória de 1 KiB (8 bits por posição) tem endereço 0x0C00. O endereço da última posição é:', 'e1826908-23cd-428b-b052-f73cb1efbce8', 1.00, 'bccb5ea3-63ab-41e7-9a12-c1b46528a7e6');
insert into EscolhaMultipla(ID, boolCheckBox, desconto) values((select ID from Pergunta where descricao ='A primeira posição de uma memória de 1 KiB (8 bits por posição) tem endereço 0x0C00. O endereço da última posição é:'), 'FALSE',-1);
insert into Opcao (OID, descricao, boolCorreta, ID) values ('26', '0x0FFF', 'TRUE', 'e1826908-23cd-428b-b052-f73cb1efbce8');
insert into Opcao (OID, descricao, boolCorreta, ID) values ('27', '0xFC00', 'FALSE', 'e1826908-23cd-428b-b052-f73cb1efbce8');
insert into Opcao (OID, descricao, boolCorreta, ID) values ('28', '0xFFFF', 'FALSE', 'e1826908-23cd-428b-b052-f73cb1efbce8');
insert into Opcao (OID, descricao, boolCorreta, ID) values ('29', '0x0FFE', 'FALSE', 'e1826908-23cd-428b-b052-f73cb1efbce8');



insert into Pergunta (descricao, ID, cotacao,EID) values ('O código de uma instrução é 0x01204020. Esta instrução não utiliza o registo:', '3ca4dcd2-db61-4e88-b188-a93247ee95f5', 1.00 ,'bccb5ea3-63ab-41e7-9a12-c1b46528a7e6');
insert into EscolhaMultipla(ID, boolCheckBox, desconto) values((select ID from Pergunta where descricao ='O código de uma instrução é 0x01204020. Esta instrução não utiliza o registo:'), 'FALSE',-1);
insert into Opcao (OID, descricao, boolCorreta, ID) values ('30', '$zero', 'FALSE', '3ca4dcd2-db61-4e88-b188-a93247ee95f5');
insert into Opcao (OID, descricao, boolCorreta, ID) values ('31', '$t0', 'FALSE', '3ca4dcd2-db61-4e88-b188-a93247ee95f5');
insert into Opcao (OID, descricao, boolCorreta, ID) values ('32', '$t1', 'FALSE', '3ca4dcd2-db61-4e88-b188-a93247ee95f5');
insert into Opcao (OID, descricao, boolCorreta, ID) values ('33', '$t2', 'TRUE', '3ca4dcd2-db61-4e88-b188-a93247ee95f5');



insert into Pergunta (descricao, ID, cotacao,EID) values ('Pretende-se executar a instrução add $t7, $zero, $t1, mas devido a uma falha na unidade de controlo, o sinal MemtoReg é sempre 1. Qual das seguintes opções faz o mesmo que o add pretendido?', 'c386fd0b-2a9d-4132-8a37-b31c7300305c', 1.00, 'bccb5ea3-63ab-41e7-9a12-c1b46528a7e6');
insert into EscolhaMultipla(ID, boolCheckBox, desconto) values((select ID from Pergunta where descricao ='Pretende-se executar a instrução add $t7, $zero, $t1, mas devido a uma falha na unidade de controlo, o sinal MemtoReg é sempre 1. Qual das seguintes opções faz o mesmo que o add pretendido?'), 'FALSE',-1);
insert into Opcao (OID, descricao, boolCorreta, ID) values ('34', 'addi $t7, $t1, 0', 'FALSE', 'c386fd0b-2a9d-4132-8a37-b31c7300305c');
insert into Opcao (OID, descricao, boolCorreta, ID) values ('35', 'sub $t7, $t1, $zero', 'FALSE', 'c386fd0b-2a9d-4132-8a37-b31c7300305c');
insert into Opcao (OID, descricao, boolCorreta, ID) values ('36', '. lw $t7, 0($t1)', 'FALSE', 'c386fd0b-2a9d-4132-8a37-b31c7300305c');
insert into Opcao (OID, descricao, boolCorreta, ID) values ('37', 'sw $t1, 0($t5); lw $t7, 0($t5)', 'TRUE', 'c386fd0b-2a9d-4132-8a37-b31c7300305c');



insert into Pergunta (descricao, ID, cotacao,EID) values ('Um componente útil para a execução da instrução addi é:', '4dec30d8-c15a-4364-994e-bede06a2f09d', 1.00, 'bccb5ea3-63ab-41e7-9a12-c1b46528a7e6');
insert into EscolhaMultipla(ID, boolCheckBox, desconto) values((select ID from Pergunta where descricao ='Um componente útil para a execução da instrução addi é:'), 'FALSE',-1);
insert into Opcao (OID, descricao, boolCorreta, ID) values ('38', 'ID memory', 'FALSE', '4dec30d8-c15a-4364-994e-bede06a2f09d');
insert into Opcao (OID, descricao, boolCorreta, ID) values ('39', 'Shift left 2', 'FALSE', '4dec30d8-c15a-4364-994e-bede06a2f09d');
insert into Opcao (OID, descricao, boolCorreta, ID) values ('40', 'Sign extend', 'TRUE', '4dec30d8-c15a-4364-994e-bede06a2f09d');
insert into Opcao (OID, descricao, boolCorreta, ID) values ('41', 'Add que sucede Shift left 2', 'FALSE', '4dec30d8-c15a-4364-994e-bede06a2f09d');



insert into Pergunta (descricao, ID, cotacao,EID) values ('Numa implementação do MIPS a execução das instruções lw e sw demora, respetivamente, 880 ps e 860 ps. A latência do componente Mux é:', '53c52ec2-a90c-4371-863e-061abce084e1', 1.00, 'bccb5ea3-63ab-41e7-9a12-c1b46528a7e6');
insert into EscolhaMultipla(ID, boolCheckBox, desconto) values((select ID from Pergunta where descricao ='Numa implementação do MIPS a execução das instruções lw e sw demora, respetivamente, 880 ps e 860 ps. A latência do componente Mux é:'), 'FALSE',-1);
insert into Opcao (OID, descricao, boolCorreta, ID) values ('42', '20', 'TRUE', '53c52ec2-a90c-4371-863e-061abce084e1');
insert into Opcao (OID, descricao, boolCorreta, ID) values ('43', '10', 'FALSE', '53c52ec2-a90c-4371-863e-061abce084e1');
insert into Opcao (OID, descricao, boolCorreta, ID) values ('44', '0', 'FALSE', '53c52ec2-a90c-4371-863e-061abce084e1');
insert into Opcao (OID, descricao, boolCorreta, ID) values ('45', '20/3', 'FALSE', '53c52ec2-a90c-4371-863e-061abce084e1');



insert into Pergunta (descricao, ID, cotacao,EID) values ('Apresente (em hexadecimal) o código-máquina da instrução: addi $t0, $t1, -1', '28ef40ab-d8b2-4dfd-b21b-a9a33e758d61', 1.00, 'bccb5ea3-63ab-41e7-9a12-c1b46528a7e6');
insert into EscolhaMultipla(ID, boolCheckBox, desconto) values((select ID from Pergunta where descricao ='Apresente (em hexadecimal) o código-máquina da instrução: addi $t0, $t1, -1'), 'FALSE',-1);
insert into Opcao (OID, descricao, boolCorreta, ID) values ('46', '0x2128fffe', 'FALSE', '28ef40ab-d8b2-4dfd-b21b-a9a33e758d61');
insert into Opcao (OID, descricao, boolCorreta, ID) values ('47', '0x2128ffff', 'TRUE', '28ef40ab-d8b2-4dfd-b21b-a9a33e758d61');
insert into Opcao (OID, descricao, boolCorreta, ID) values ('48', '0x21280001', 'FALSE', '28ef40ab-d8b2-4dfd-b21b-a9a33e758d61');
insert into Opcao (OID, descricao, boolCorreta, ID) values ('49', '0x01281111', 'FALSE', '28ef40ab-d8b2-4dfd-b21b-a9a33e758d61');



insert into Pergunta (descricao, ID, cotacao,EID) values ('Um programa científico despende 80 % do seu tempo a executar operações de vírgula flutuante. Para tornar o programa 4 vezes mais rápido pretende-se usar uma nova uma unidade de vírgula flutuante. Quanto mais rápida que a anterior deve ser essa unidade?', '85412a6c-d0ea-4ad9-92ec-9586c78fdfdd', 1.00, 'bccb5ea3-63ab-41e7-9a12-c1b46528a7e6');
insert into EscolhaMultipla(ID, boolCheckBox, desconto) values((select ID from Pergunta where descricao ='Um programa científico despende 80 % do seu tempo a executar operações de vírgula flutuante. Para tornar o programa 4 vezes mais rápido pretende-se usar uma nova uma unidade de vírgula flutuante. Quanto mais rápida que a anterior deve ser essa unidade?'), 'FALSE',-1);
insert into Opcao (OID, descricao, boolCorreta, ID) values ('50', '16', 'TRUE', '85412a6c-d0ea-4ad9-92ec-9586c78fdfdd');
insert into Opcao (OID, descricao, boolCorreta, ID) values ('51', '8', 'FALSE', '85412a6c-d0ea-4ad9-92ec-9586c78fdfdd');
insert into Opcao (OID, descricao, boolCorreta, ID) values ('52', '12', 'FALSE', '85412a6c-d0ea-4ad9-92ec-9586c78fdfdd');
insert into Opcao (OID, descricao, boolCorreta, ID) values ('53', 'É impossível.', 'FALSE', '85412a6c-d0ea-4ad9-92ec-9586c78fdfdd');



insert into Pergunta (descricao, ID, cotacao,EID) values ('Assuma as seguintes condições inicais: $t0 = 0x8abc7520 e $t2 = 0x11110000. Determine o valor do registo $t0 após ser realizada a instrução or $t0, $t0, $t2', '11ec4f1b-fce3-4a43-901e-9f463bac3a8f', 1.00, 'bccb5ea3-63ab-41e7-9a12-c1b46528a7e6');
insert into EscolhaMultipla(ID, boolCheckBox, desconto) values((select ID from Pergunta where descricao ='Assuma as seguintes condições inicais: $t0 = 0x8abc7520 e $t2 = 0x11110000. Determine o valor do registo $t0 após ser realizada a instrução or $t0, $t0, $t2'), 'FALSE',-1);
insert into Opcao (OID, descricao, boolCorreta, ID) values ('54','0x8abc0000', 'FALSE', '11ec4f1b-fce3-4a43-901e-9f463bac3a8f');
insert into Opcao (OID, descricao, boolCorreta, ID) values ('55','0x9bbd5702', 'FALSE', '11ec4f1b-fce3-4a43-901e-9f463bac3a8f');
insert into Opcao (OID, descricao, boolCorreta, ID) values ('56','0x9bbd7520', 'TRUE', '11ec4f1b-fce3-4a43-901e-9f463bac3a8f');
insert into Opcao (OID, descricao, boolCorreta, ID) values ('57', '0x8bbc5720', 'FALSE', '11ec4f1b-fce3-4a43-901e-9f463bac3a8f');



insert into Pergunta (descricao, ID, cotacao,EID) values ('Uma memória cache tem 32 blocos com 8 palavras por bloco e etiquetas de 16 bits. Quantos bits tem cada endereço?', 'd246b361-1ed2-4a6e-86a2-9d9bd39108bf', 1.00, 'bccb5ea3-63ab-41e7-9a12-c1b46528a7e6');
insert into EscolhaMultipla(ID, boolCheckBox, desconto) values((select ID from Pergunta where descricao ='Uma memória cache tem 32 blocos com 8 palavras por bloco e etiquetas de 16 bits. Quantos bits tem cada endereço?'), 'FALSE',-1);
insert into Opcao (OID, descricao, boolCorreta, ID) values ('58', '24', 'FALSE', 'd246b361-1ed2-4a6e-86a2-9d9bd39108bf');
insert into Opcao (OID, descricao, boolCorreta, ID) values ('59', '21', 'FALSE', 'd246b361-1ed2-4a6e-86a2-9d9bd39108bf');
insert into Opcao (OID, descricao, boolCorreta, ID) values ('60', '26', 'TRUE', 'd246b361-1ed2-4a6e-86a2-9d9bd39108bf');
insert into Opcao (OID, descricao, boolCorreta, ID) values ('61', '32', 'FALSE', 'd246b361-1ed2-4a6e-86a2-9d9bd39108bf');



insert into Pergunta (descricao, ID, cotacao,EID) values ('Um processador funciona a 3 GHz. Nesse processador, o programa P1 apresenta um CPI médio de 2,4 e o programa P2 apresenta um CPI médio de 2. Sabendo que o tempo de execução de cada um dos programas é 2 s, indique a afirmação verdadeira.', '7fa361d8-2791-423b-a937-f1d8126fa5a6', 1.00, 'bccb5ea3-63ab-41e7-9a12-c1b46528a7e6');
insert into EscolhaMultipla(ID, boolCheckBox, desconto) values((select ID from Pergunta where descricao ='Um processador funciona a 3 GHz. Nesse processador, o programa P1 apresenta um CPI médio de 2,4 e o programa P2 apresenta um CPI médio de 2. Sabendo que o tempo de execução de cada um dos programas é 2 s, indique a afirmação verdadeira.'), 'FALSE',-1);
insert into Opcao (OID, descricao, boolCorreta, ID) values ('62', 'O programa P2 executa menos instruções que o programa P1.', 'FALSE','7fa361d8-2791-423b-a937-f1d8126fa5a6');
insert into Opcao (OID, descricao, boolCorreta, ID) values ('63', 'O programa P2 executa 3 × 109 instruções.', 'TRUE', '7fa361d8-2791-423b-a937-f1d8126fa5a6');
insert into Opcao (OID, descricao, boolCorreta, ID) values ('64', 'Se a frequência baixar para 2 GHz, o programa P2 passa a ser mais rápido que P1.', 'FALSE', '7fa361d8-2791-423b-a937-f1d8126fa5a6');
insert into Opcao (OID, descricao, boolCorreta, ID) values ('65', 'Se o CPI de P1 aumentar, P2 fica mais lento que P1.', 'FALSE', '7fa361d8-2791-423b-a937-f1d8126fa5a6');



insert into Pergunta (descricao, ID, cotacao,EID) values ('A seguinte sequência de instruções está em memória a partir do endereço 0x00000014. bne $t0, $zero, segue; lw $t1, 0($a0); segue: add $t2, $t2, $t1 . Complete a tabela seguinte com o valor dos sinais de controlo para a execução da instrução lw.', '7d045935-19ad-4c91-9a8c-536c0c736827', 6.00, 'bccb5ea3-63ab-41e7-9a12-c1b46528a7e6');
insert into EscolhaMultipla(ID, boolCheckBox, desconto) values('7d045935-19ad-4c91-9a8c-536c0c736827', 'TRUE',-1);
insert into Opcao (OID, descricao, boolCorreta, ID) values ('66', 'RegWrite = 1', 'TRUE', '7d045935-19ad-4c91-9a8c-536c0c736827');
insert into Opcao (OID, descricao, boolCorreta, ID) values ('67', 'RegDst = 0', 'TRUE', '7d045935-19ad-4c91-9a8c-536c0c736827');
insert into Opcao (OID, descricao, boolCorreta, ID) values ('68', 'RegDst = 1', 'FALSE', '7d045935-19ad-4c91-9a8c-536c0c736827');
insert into Opcao (OID, descricao, boolCorreta, ID) values ('69', 'PCSrc = 0', 'TRUE', '7d045935-19ad-4c91-9a8c-536c0c736827');
insert into Opcao (OID, descricao, boolCorreta, ID) values ('70', 'PCSrc = 1', 'FALSE', '7d045935-19ad-4c91-9a8c-536c0c736827');
insert into Opcao (OID, descricao, boolCorreta, ID) values ('71', 'ALUSRC = 0', 'FALSE', '7d045935-19ad-4c91-9a8c-536c0c736827');
insert into Opcao (OID, descricao, boolCorreta, ID) values ('72', 'ALUSRC = 0', 'TRUE', '7d045935-19ad-4c91-9a8c-536c0c736827');
insert into Opcao (OID, descricao, boolCorreta, ID) values ('73', 'MemWrite = 1', 'FALSE', '7d045935-19ad-4c91-9a8c-536c0c736827');
insert into Opcao (OID, descricao, boolCorreta, ID) values ('74', 'MemtoReg = 0', 'FALSE', '7d045935-19ad-4c91-9a8c-536c0c736827');
insert into Opcao (OID, descricao, boolCorreta, ID) values ('75', 'MemtoReg = 1', 'TRUE', '7d045935-19ad-4c91-9a8c-536c0c736827');
insert into Opcao (OID, descricao, boolCorreta, ID) values ('76', 'MemtoWrite = 0', 'TRUE', '7d045935-19ad-4c91-9a8c-536c0c736827');



insert into Pergunta (descricao, ID, cotacao,EID) values ('A seguinte sequência de instruções está em memória a partir do endereço 0x00000014. bne $t0, $zero, segue; lw $t1, 0($a0); segue: add $t2, $t2, $t1 . Relativamente à instrução bne, determine o valor decimal dos sinais Read data 2 e entrada 1do Mux controlado por PCSrc. Estes valore são úteis para a execução da instrução?', 'b18324a2-8164-46ce-8695-ee400f2a99c2', 1.00, 'bccb5ea3-63ab-41e7-9a12-c1b46528a7e6');
insert into Desenvolvimento(ID) values('b18324a2-8164-46ce-8695-ee400f2a99c2');

insert into Resposta (RID, cotacao, descricao, Data, ID) values ('1', 1.00, 'O sinal Read data 2 tem o valor do registo identificado pelos bits [20:16] do código da instrução bne. Como se trata do registo $zero, o seu valor é 0. A entrada 1 do Mux controlado por PCSrc corresponde ao endereço da instrução add (a executar se $t0 =6 $zero). O valor deste sinal resulta da adição do endereço da instrução seguinte (lw) com 4 vezes o número de instruções a avançar para chegar à instrução com etiqueta segue.Sabendo que o endereço de bne é 20, o valor que assim resulta é (20 + 4) + 4 × 1 = 28. Read data 2 é utilizado na comparação do conteúdo dos registos declarados na instrução. A entrada 1 do Mux controlado por PCSrc também é utilizada, definindo o endereço da próxima instrução quando o salto é tomado', '10:43 AM','b18324a2-8164-46ce-8695-ee400f2a99c2');
insert into Resposta (RID, cotacao, descricao, Data, ID) values ('2', 0.5, 'O sinal Read data 2 tem o valor do registo identificado pelos bits [20:16] do código da instrução bne. Como se trata do registo $zero, o seu valor é 0. A entrada 1 do Mux controlado por PCSrc corresponde ao endereço da instrução add (a executar se $t0 =6 $zero). O valor deste sinal resulta da adição do endereço da instrução seguinte (lw) com 4 vezes o número de instruções a avançar para chegar à instrução com etiqueta segue.Sabendo que o endereço de bne é 20, o valor que assim resulta é (20 + 4) + 4 × 1 = 28. Read data 2 é utilizado na comparação do conteúdo dos registos declarados na instrução. A entrada 1 do Mux controlado por PCSrc também é utilizada, definindo o endereço da próxima instrução quando o salto é tomado', '10:43 AM','b18324a2-8164-46ce-8695-ee400f2a99c2');



-----------------------------------------------------------------------------------------------------------

insert into AlunoOpcao (SID, OID) values ((select SID from Aluno where name = 'Angela Long') , '2'); --Certa 
insert into AlunoOpcao (SID, OID) values ((select SID from Aluno where name = 'Angela Long') , '5'); -- CERTA
insert into AlunoOpcao (SID, OID) values ((select SID from Aluno where name = 'Angela Long') , '11'); -- Certa
insert into AlunoOpcao (SID, OID) values ((select SID from Aluno where name = 'Angela Long') , '14'); -- Certa
insert into AlunoOpcao (SID, OID) values ((select SID from Aluno where name = 'Angela Long') , '19'); -- Certa
insert into AlunoOpcao (SID, OID) values ((select SID from Aluno where name = 'Angela Long') , '22'); -- Certa
insert into AlunoOpcao (SID, OID) values ((select SID from Aluno where name = 'Angela Long') , '26'); --Certa
insert into AlunoOpcao (SID, OID) values ((select SID from Aluno where name = 'Angela Long') , '33'); -- Certa
insert into AlunoOpcao (SID, OID) values ((select SID from Aluno where name = 'Angela Long') , '37'); --Certa
insert into AlunoOpcao (SID, OID) values ((select SID from Aluno where name = 'Angela Long') , '40'); --Certa
insert into AlunoOpcao (SID, OID) values ((select SID from Aluno where name = 'Angela Long') , '42'); --CERTTA
insert into AlunoOpcao (SID, OID) values ((select SID from Aluno where name = 'Angela Long') , '47'); --CERTA
insert into AlunoOpcao (SID, OID) values ((select SID from Aluno where name = 'Angela Long') , '50'); -- Certa
insert into AlunoOpcao (SID, OID) values ((select SID from Aluno where name = 'Angela Long') , '56'); --Certa
insert into AlunoOpcao (SID, OID) values ((select SID from Aluno where name = 'Angela Long') , '60'); --Certa
insert into AlunoOpcao (SID, OID) values ((select SID from Aluno where name = 'Angela Long') , '63'); --Certa

insert into AlunoOpcao (SID, OID) values ((select SID from Aluno where name = 'Angela Long') , '66'); --Certa
insert into AlunoOpcao (SID, OID) values ((select SID from Aluno where name = 'Angela Long') , '67'); --Certa
insert into AlunoOpcao (SID, OID) values ((select SID from Aluno where name = 'Angela Long') , '69'); --Certa
insert into AlunoOpcao (SID, OID) values ((select SID from Aluno where name = 'Angela Long') , '71'); --False
insert into AlunoOpcao (SID, OID) values ((select SID from Aluno where name = 'Angela Long') , '75'); --True
insert into AlunoOpcao (SID, OID) values ((select SID from Aluno where name = 'Angela Long') , '76'); --True(5)

----------------------------------------------------------------------------------------------------------------


--insert into AlunoOpcao (SID, OID) values ((select SID from Aluno where name = 'Harry Burns') , '2'); --Certa 
--insert into AlunoOpcao (SID, OID) values ((select SID from Aluno where name = 'Harry Burns') , '5'); -- CERTA
insert into AlunoOpcao (SID, OID) values ((select SID from Aluno where name = 'Harry Burns') , '11'); -- Certa
insert into AlunoOpcao (SID, OID) values ((select SID from Aluno where name = 'Harry Burns') , '14'); -- Certa
insert into AlunoOpcao (SID, OID) values ((select SID from Aluno where name = 'Harry Burns') , '19'); -- Certa
insert into AlunoOpcao (SID, OID) values ((select SID from Aluno where name = 'Harry Burns') , '22'); -- Certa
--insert into AlunoOpcao (SID, OID) values ((select SID from Aluno where name = 'Harry Burns') , '26'); --Certa
insert into AlunoOpcao (SID, OID) values ((select SID from Aluno where name = 'Harry Burns') , '33'); -- Certa
insert into AlunoOpcao (SID, OID) values ((select SID from Aluno where name = 'Harry Burns') , '37'); --Certa
insert into AlunoOpcao (SID, OID) values ((select SID from Aluno where name = 'Harry Burns') , '40'); --Certa
insert into AlunoOpcao (SID, OID) values ((select SID from Aluno where name = 'Harry Burns') , '42'); --CERTTA
--insert into AlunoOpcao (SID, OID) values ((select SID from Aluno where name = 'Harry Burns') , '47'); --CERTA
insert into AlunoOpcao (SID, OID) values ((select SID from Aluno where name = 'Harry Burns') , '50'); -- Certa
insert into AlunoOpcao (SID, OID) values ((select SID from Aluno where name = 'Harry Burns') , '56'); --Certa
--insert into AlunoOpcao (SID, OID) values ((select SID from Aluno where name = 'Harry Burns') , '60'); --Certa
insert into AlunoOpcao (SID, OID) values ((select SID from Aluno where name = 'Harry Burns') , '63'); --Certa

insert into AlunoOpcao (SID, OID) values ((select SID from Aluno where name = 'Harry Burns') , '66'); --Certa
insert into AlunoOpcao (SID, OID) values ((select SID from Aluno where name = 'Harry Burns') , '68'); --Falsa
insert into AlunoOpcao (SID, OID) values ((select SID from Aluno where name = 'Harry Burns') , '69'); --Certa
insert into AlunoOpcao (SID, OID) values ((select SID from Aluno where name = 'Harry Burns') , '71'); --False
insert into AlunoOpcao (SID, OID) values ((select SID from Aluno where name = 'Harry Burns') , '75'); --True
insert into AlunoOpcao (SID, OID) values ((select SID from Aluno where name = 'Harry Burns') , '76'); --True(5)

------------------------------------------------------------------------------------------------------------------

insert into AlunoResposta (SID, RID) values((select SID from Aluno where name = 'Angela Long'), '1');
insert into AlunoResposta (SID, RID) values((select SID from Aluno where name = 'Harry Burns'), '2');



insert into AlunoUC (SID, UCID) values ((select SID from Aluno where name = 'Angela Long'), (select UCID from UnidadeCurricular where name = 'Design Engineer'));
insert into AlunoUC (SID, UCID) values ((select SID from Aluno where name = 'Harry Burns'), (select UCID from UnidadeCurricular where name = 'Design Engineer'));

insert into ExameProfessor (PID, EID) values((select PID from Professor where name = 'William Ward'), 'bccb5ea3-63ab-41e7-9a12-c1b46528a7e6');


insert into Tentativa(SID, OID, data) values((select SID from Aluno where name = 'Angela Long'), (select OID from Opcao where descricao = 'Não é possível representar'), '10:47 AM');
insert into Tentativa(SID, OID, data) values((select SID from Aluno where name = 'Angela Long'), (select OID from Opcao where descricao = '00110102'), '9:08 AM');
insert into Tentativa(SID, OID, data) values((select SID from Aluno where name = 'Angela Long'), (select OID from Opcao where descricao = '112'), '9:55 AM');
insert into Tentativa(SID, OID, data) values((select SID from Aluno where name = 'Angela Long'), (select OID from Opcao where descricao = '100000002'), '9:48 AM');
insert into Tentativa(SID, OID, data) values((select SID from Aluno where name = 'Angela Long'), (select OID from Opcao where descricao = 'G(A, B, C A, B, C A, B, C) = ( A + B + ~C)·(~A + B)'), '9:35 AM');
insert into Tentativa(SID, OID, data) values((select SID from Aluno where name = 'Angela Long'), (select OID from Opcao where descricao = '9'), '10:37 AM');
insert into Tentativa(SID, OID, data) values((select SID from Aluno where name = 'Angela Long'), (select OID from Opcao where descricao = '0x0FFF'), '9:31 AM');
insert into Tentativa(SID, OID, data) values((select SID from Aluno where name = 'Angela Long'), (select OID from Opcao where descricao = '$t2'), '10:22 AM');
insert into Tentativa(SID, OID, data) values((select SID from Aluno where name = 'Angela Long'), (select OID from Opcao where descricao = 'sw $t1, 0($t5); lw $t7, 0($t5)'), '9:31 AM');
insert into Tentativa(SID, OID, data) values((select SID from Aluno where name = 'Angela Long'), (select OID from Opcao where descricao = 'Sign extend'), '10:11 AM');
insert into Tentativa(SID, OID, data) values((select SID from Aluno where name = 'Angela Long'), (select OID from Opcao where descricao = '20'), '10:41 AM');
insert into Tentativa(SID, OID, data) values((select SID from Aluno where name = 'Angela Long'), (select OID from Opcao where descricao = '16'), '10:25 AM');
insert into Tentativa(SID, OID, data) values((select SID from Aluno where name = 'Angela Long'), (select OID from Opcao where descricao = '0x2128ffff'), '9:31 AM');
insert into Tentativa(SID, OID, data) values((select SID from Aluno where name = 'Angela Long'), (select OID from Opcao where descricao = '0x9bbd7520'), '10:19 AM');
insert into Tentativa(SID, OID, data) values((select SID from Aluno where name = 'Angela Long'), (select OID from Opcao where descricao = 'O programa P2 executa 3 × 109 instruções.'), '10:42 AM');
insert into Tentativa(SID, OID, data) values((select SID from Aluno where name = 'Angela Long'), (select OID from Opcao where descricao = 'RegWrite = 1'), '9:47 AM');
insert into Tentativa(SID, OID, data) values((select SID from Aluno where name = 'Angela Long'), (select OID from Opcao where descricao = 'RegDst = 0'), '9:47 AM');
insert into Tentativa(SID, OID, data) values((select SID from Aluno where name = 'Angela Long'), (select OID from Opcao where descricao = 'PCSrc = 0'), '9:47 AM');
insert into Tentativa(SID, OID, data) values((select SID from Aluno where name = 'Angela Long'), (select OID from Opcao where descricao = 'ALUSRC = 0'), '9:47 AM');
insert into Tentativa(SID, OID, data) values((select SID from Aluno where name = 'Angela Long'), (select OID from Opcao where descricao = 'MemtoReg = 1'), '9:47 AM');
insert into Tentativa(SID, OID, data) values((select SID from Aluno where name = 'Angela Long'), (select OID from Opcao where descricao = 'MemtoWrite = 0'), '9:47 AM');


insert into Tentativa(SID, OID, data) values((select SID from Aluno where name = 'Harry Burns'), (select OID from Opcao where descricao = 'Não é possível representar'), '10:47 AM');
insert into Tentativa(SID, OID, data) values((select SID from Aluno where name = 'Harry Burns'), (select OID from Opcao where descricao = '00110102'), '9:08 AM');
insert into Tentativa(SID, OID, data) values((select SID from Aluno where name = 'Harry Burns'), (select OID from Opcao where descricao = '112'), '9:55 AM');
insert into Tentativa(SID, OID, data) values((select SID from Aluno where name = 'Harry Burns'), (select OID from Opcao where descricao = '100000002'), '9:48 AM');
insert into Tentativa(SID, OID, data) values((select SID from Aluno where name = 'Harry Burns'), (select OID from Opcao where descricao = 'G(A, B, C A, B, C A, B, C) = ( A + B + ~C)·(~A + B)'), '9:35 AM');
insert into Tentativa(SID, OID, data) values((select SID from Aluno where name = 'Harry Burns'), (select OID from Opcao where descricao = '9'), '10:37 AM');
insert into Tentativa(SID, OID, data) values((select SID from Aluno where name = 'Harry Burns'), (select OID from Opcao where descricao = '0x0FFF'), '9:31 AM');
insert into Tentativa(SID, OID, data) values((select SID from Aluno where name = 'Harry Burns'), (select OID from Opcao where descricao = '$t2'), '10:22 AM');
insert into Tentativa(SID, OID, data) values((select SID from Aluno where name = 'Harry Burns'), (select OID from Opcao where descricao = 'sw $t1, 0($t5); lw $t7, 0($t5)'), '9:31 AM');
insert into Tentativa(SID, OID, data) values((select SID from Aluno where name = 'Harry Burns'), (select OID from Opcao where descricao = 'Sign extend'), '10:11 AM');
insert into Tentativa(SID, OID, data) values((select SID from Aluno where name = 'Harry Burns'), (select OID from Opcao where descricao = '20'), '10:41 AM');
insert into Tentativa(SID, OID, data) values((select SID from Aluno where name = 'Harry Burns'), (select OID from Opcao where descricao = '16'), '10:25 AM');
insert into Tentativa(SID, OID, data) values((select SID from Aluno where name = 'Harry Burns'), (select OID from Opcao where descricao = '0x2128ffff'), '9:31 AM');
insert into Tentativa(SID, OID, data) values((select SID from Aluno where name = 'Harry Burns'), (select OID from Opcao where descricao = '0x9bbd7520'), '10:19 AM');
insert into Tentativa(SID, OID, data) values((select SID from Aluno where name = 'Harry Burns'), (select OID from Opcao where descricao = 'O programa P2 executa 3 × 109 instruções.'), '10:42 AM');
insert into Tentativa(SID, OID, data) values((select SID from Aluno where name = 'Harry Burns'), (select OID from Opcao where descricao = 'RegWrite = 1'), '9:47 AM');
insert into Tentativa(SID, OID, data) values((select SID from Aluno where name = 'Harry Burns'), (select OID from Opcao where descricao = 'RegDst = 0'), '9:47 AM');
insert into Tentativa(SID, OID, data) values((select SID from Aluno where name = 'Harry Burns'), (select OID from Opcao where descricao = 'PCSrc = 0'), '9:47 AM');
insert into Tentativa(SID, OID, data) values((select SID from Aluno where name = 'Harry Burns'), (select OID from Opcao where descricao = 'ALUSRC = 0'), '9:47 AM');
insert into Tentativa(SID, OID, data) values((select SID from Aluno where name = 'Harry Burns'), (select OID from Opcao where descricao = 'MemtoReg = 1'), '9:47 AM');
insert into Tentativa(SID, OID, data) values((select SID from Aluno where name = 'Harry Burns'), (select OID from Opcao where descricao = 'MemtoWrite = 0'), '9:47 AM');